분류,지역,발주처명,발주처분류,약칭,적격심사분류,비고
정부투자기관(기타),울산,(재)2028울산국제정원박람회조직위원회,지자체기타,,미분류,
지방자치단체(도),경기,(재)경기환경에너지진흥원,경기도,,행정안전부(지방자치단체),
정부투자기관(공사),경남,(재)경남로봇랜드재단,공사기타,,행정안전부(지방자치단체),
정부투자기관(기타),부산,(재)부산연구원,공사기타,,미분류,
정부투자기관(기타),서울,(재)서울특별시 서울기술연구원,공사기타,,행정안전부(지방자치단체),
지방자치단체(시),전남,(재)순천만국제정원박람회조직위원회,지자체기타,,행정안전부(지방자치단체),
정부투자기관(기타),경기,(재)자동차융합기술원,공사기타,,행정안전부(지방자치단체),발주처 상호명변경('16.09.08)
중앙행정기관(기타),대구,(재)지능형자동차부품진흥원,중앙기타,,행정안전부(지방자치단체),
정부투자기관(기타),경기,(재)한국수자원조사기술원,공사기타,,미분류,
중앙행정기관(기타),서울,(재)한국엘피지사업관리원,중앙기타,,행정안전부(지방자치단체),산업통상자원부 지원기관
중앙행정기관(기타),강원,(재)한국지방행정연구원,중앙기타,,행정안전부(지방자치단체),
정부투자기관(기타),경기,(재)한국화학융합시험연구원,중앙기타,,미분류,
중앙행정기관(기타),경기,(재)한국화학융합시험연구원 의정부,중앙기타,,미분류,
정부투자기관(공사),강원,(주)강원랜드,공사기타,,조달청(해양수산부산하기관),
지방자치단체(도),인천,(주)인천로봇랜드,지자체기타,,행정안전부(지방자치단체),
정부투자기관(기타),경기,(주)킨텍스,공사기타,킨텍스,행정안전부(지방자치단체),
정부투자기관(공사),대전,(주)한국가스기술공사,공사기타,,조달청(해양수산부산하기관),가스공사 100%출자기업
외국기관,해외,(주)NIPPON YUSEN,외국기관,,미분류,
지방자치단체(시),경기,(하수도)경기도 안산시 상하수도사업소,안산시,,행정안전부(지방자치단체),
외국기관,해외,00공공사업교통부,외국기관,,미분류,
정부투자기관(공사),서울,2018평창동계올림픽대회조직위원회,공사기타,,행정안전부(지방자치단체),
중앙행정기관(국방부),대구,2군사령부,국방부,,국방부,
중앙행정기관(국방부),해외,"411th CSB,KOREA",국방부,,미분류,
외국기관,해외,가나,외국기관,,미분류,
외국기관,미분류,가나 항만국,외국기관,,미분류,
외국기관,전남,가나다라,외국기관,,미분류,
외국기관,전북,가나다라라,외국기관,,미분류,
외국기관,전남,가나다업체,외국기관,,미분류,
중앙행정기관(국토교통부),부산,가덕도신공항건설공단,,,국토교통부(지방국토관리청/국토부예하기관),
정부투자기관(공사),충남,가로림조력발전(주),공사기타,,한국전력공사(발전자회사),
정부투자기관(기타),충남,가로립조력발전(주),공사기타,,한국전력공사(발전자회사),
지방자치단체(광역시),기타,각지자체,지자체기타,,행정안전부(지방자치단체),
지방자치단체(시),강원,강릉시어항사무소,지자체기타,,행정안전부(지방자치단체),
지방자치단체(도),강원,강원개발공사,지자체기타,,행정안전부(지방자치단체),
지방자치단체(시),강원,강원도 강릉시 특정지역 개발사업소,강릉시,,행정안전부(지방자치단체),
지방자치단체(도),강원,강원도 도로관리사업소,지자체기타,,행정안전부(지방자치단체),
지방자치단체(시),강원,강원도 삼척시 상하수도관리사업소,삼척시,,행정안전부(지방자치단체),
지방자치단체(시),강원,강원도 속초시 공영개발사업소,속초시,,행정안전부(지방자치단체),
지방자치단체(군),강원,강원도 양양군 상하수도사업소,양양군,,행정안전부(지방자치단체),
지방자치단체(시),강원,강원도 원주시 수도사업소,원주시,,행정안전부(지방자치단체),
지방자치단체(시),강원,강원도 원주시 수질환경사업소,원주시,,행정안전부(지방자치단체),
지방자치단체(도),강원,강원도 자연환경연구사업소,지자체기타,,행정안전부(지방자치단체),
지방자치단체(시),강원,강원도 태백시 태백관광개발공사,태백시,,행정안전부(지방자치단체),
정부투자기관(기타),강원,강원도 환경연구원,강원특별자치도,,행정안전부(지방자치단체),
지방자치단체(도),강원,강원도 환동해본부,지자체기타,,행정안전부(지방자치단체),
지방자치단체(도),강원,강원발전연구원,지자체기타,,행정안전부(지방자치단체),
지방자치단체(시),강원,강원특별자치도 강릉시,강릉시,,행정안전부(지방자치단체),
지방자치단체(시),강원,강원특별자치도 강릉시 상하수도사업소,강릉시,,행정안전부(지방자치단체),
지방자치단체(시),강원,강원특별자치도 강릉시 환경수도사업본부,강릉시,,행정안전부(지방자치단체),
지방자치단체(군),강원,강원특별자치도 고성군,고성군,,행정안전부(지방자치단체),
지방자치단체(시),강원,강원특별자치도 동해시,동해시,,행정안전부(지방자치단체),
지방자치단체(시),강원,강원특별자치도 동해시 상하수도사업소,동해시,,행정안전부(지방자치단체),
지방자치단체(시),강원,강원특별자치도 삼척시,삼척시,,행정안전부(지방자치단체),
지방자치단체(시),강원,강원특별자치도 삼척시 하수도사업소,삼척시,,행정안전부(지방자치단체),
지방자치단체(시),강원,강원특별자치도 속초시,속초시,,행정안전부(지방자치단체),
지방자치단체(시),강원,강원특별자치도 속초시 맑은물관리사업소,속초시,,행정안전부(지방자치단체),
지방자치단체(시),강원,강원특별자치도 속초시 하수처리사업소,속초시,,행정안전부(지방자치단체),
지방자치단체(시),강원,강원특별자치도 속초시 환경자원사업소,속초시,,행정안전부(지방자치단체),
지방자치단체(군),강원,강원특별자치도 양구군,양구군,,행정안전부(지방자치단체),
지방자치단체(군),강원,강원특별자치도 양양군,양양군,,행정안전부(지방자치단체),
지방자치단체(군),강원,강원특별자치도 영월군,영월군,,행정안전부(지방자치단체),
지방자치단체(군),강원,강원특별자치도 영월군 상하수도사업소,영월군,,행정안전부(지방자치단체),
지방자치단체(시),강원,강원특별자치도 원주시,원주시,,행정안전부(지방자치단체),
지방자치단체(군),강원,강원특별자치도 인제군,인제군,,행정안전부(지방자치단체),
지방자치단체(군),강원,강원특별자치도 정선군,정선군,,행정안전부(지방자치단체),
지방자치단체(군),강원,강원특별자치도 정선군 상하수도사업소,정선군,,행정안전부(지방자치단체),
지방자치단체(군),강원,강원특별자치도 철원군,철원군,,행정안전부(지방자치단체),
지방자치단체(군),강원,강원특별자치도 철원군 상하수도사업소,철원군,,행정안전부(지방자치단체),
지방자치단체(군),강원,강원특별자치도 철원군 환경자원사업소,철원군,,행정안전부(지방자치단체),
지방자치단체(시),강원,강원특별자치도 춘천시,춘천시,,행정안전부(지방자치단체),
지방자치단체(시),강원,강원특별자치도 태백시,태백시,,행정안전부(지방자치단체),
지방자치단체(군),강원,강원특별자치도 평창군,평창군,,행정안전부(지방자치단체),
지방자치단체(군),강원,강원특별자치도 평창군상하수도사업소,강원특별자치도,,행정안전부(지방자치단체),
지방자치단체(군),강원,강원특별자치도 홍천군,홍천군,,행정안전부(지방자치단체),
지방자치단체(군),강원,강원특별자치도 홍천군 상하수도사업소,홍천군,,행정안전부(지방자치단체),
지방자치단체(군),강원,강원특별자치도 화천군,화천군,,행정안전부(지방자치단체),
지방자치단체(군),강원,강원특별자치도 화천군 상하수도사업소,화천군,,행정안전부(지방자치단체),
지방자치단체(군),강원,강원특별자치도 횡성군,횡성군,,행정안전부(지방자치단체),
지방자치단체(군),강원,강원특별자치도 횡성군 상하수도사업소,횡성군,,행정안전부(지방자치단체),
지방자치단체(도),강원,강원특별자치도청,강원특별자치도,,행정안전부(지방자치단체),
정부투자기관(기타),경기,거북섬마리나,공사기타,,미분류,
지방자치단체(도),경남,거제해양관광개발공사,지자체기타,,행정안전부(지방자치단체),
지방자치단체(군),경남,거창군 수도사업소,거창군,,행정안전부(지방자치단체),
지방자치단체(군),경남,거창군농업기술센터,지자체기타,,행정안전부(지방자치단체),
지방자치단체(도),경기,경기개발연구원,지자체기타,,행정안전부(지방자치단체),
정부투자기관(공사),경기,경기관광공사,지자체기타,,행정안전부(지방자치단체),
지방자치단체(군),경기,경기도 가평군,가평군,,행정안전부(지방자치단체),
지방자치단체(군),경기,경기도 가평군 상하수도사업소,가평군,,행정안전부(지방자치단체),
지방자치단체(군),경기,경기도 가평군 하수도사업소,가평군,,행정안전부(지방자치단체),
지방자치단체(도),경기,경기도 건설본부,지자체기타,,행정안전부(지방자치단체),
지방자치단체(도),경기,경기도 건설본부 북부도로과,지자체기타,,행정안전부(지방자치단체),
지방자치단체(도),경기,경기도 경기도박물관,지자체기타,,행정안전부(지방자치단체),
지방자치단체(시),경기,경기도 고양시,고양시,,행정안전부(지방자치단체),
지방자치단체(시),경기,경기도 고양시 농업기술센터,고양시,,행정안전부(지방자치단체),
지방자치단체(시),경기,경기도 고양시 덕양구,고양시,,행정안전부(지방자치단체),
지방자치단체(시),경기,경기도 고양시 상하수도사업소,고양시,,행정안전부(지방자치단체),상수도
지방자치단체(시),경기,경기도 고양시 일산구,고양시,,행정안전부(지방자치단체),
지방자치단체(시),경기,경기도 고양시 환경친화사업소,고양시,,행정안전부(지방자치단체),
지방자치단체(시),경기,경기도 고양시상수도본부,지자체기타,,행정안전부(지방자치단체),
지방자치단체(도),경기,경기도 공영개발사업단,지자체기타,,행정안전부(지방자치단체),
지방자치단체(시),경기,경기도 과천시,과천시,,행정안전부(지방자치단체),
지방자치단체(시),경기,경기도 광명시,광명시,,행정안전부(지방자치단체),
지방자치단체(시),경기,경기도 광명시 공영개발사업소,광명시,,행정안전부(지방자치단체),
지방자치단체(시),경기,경기도 광주시,광주시,,행정안전부(지방자치단체),
지방자치단체(시),광주,경기도 광주시 맑은물사업소,광주시,,행정안전부(지방자치단체),
지방자치단체(시),경기,경기도 광주시 상수도관리사업소,광주시,,행정안전부(지방자치단체),
지방자치단체(시),경기,경기도 구리시,구리시,,행정안전부(지방자치단체),
지방자치단체(시),경기,경기도 구리시 수도사업소,구리시,,행정안전부(지방자치단체),
지방자치단체(시),경기,경기도 군포시,군포시,,행정안전부(지방자치단체),
지방자치단체(시),경기,경기도 군포시 건설도시국 수도과,군포시,,행정안전부(지방자치단체),
지방자치단체(시),경기,경기도 김포시,김포시,,행정안전부(지방자치단체),
지방자치단체(시),경기,경기도 김포시 맑은물사업본부,김포시,,행정안전부(지방자치단체),
지방자치단체(시),경기,경기도 남양주시,남양주시,,행정안전부(지방자치단체),
지방자치단체(도),경기,경기도 도로사업소,지자체기타,,행정안전부(지방자치단체),
지방자치단체(광역시),경기,경기도 도시개발공사,지자체기타,,행정안전부(지방자치단체),
지방자치단체(시),경기,경기도 동두천시,동두천시,,행정안전부(지방자치단체),
지방자치단체(시),경기,경기도 동두천시 도시과,동두천시,,행정안전부(지방자치단체),
지방자치단체(시),경기,경기도 동두천시 환경사업소,동두천시,,행정안전부(지방자치단체),
지방자치단체(시),경기,경기도 미금시,지자체기타,,행정안전부(지방자치단체),
지방자치단체(시),경기,경기도 부천시,부천시,,행정안전부(지방자치단체),
지방자치단체(시),경기,경기도 부천시 맑은물청소사업소,부천시,,행정안전부(지방자치단체),
지방자치단체(시),경기,경기도 부천시 맑은물푸른숲사업소,부천시,,행정안전부(지방자치단체),
지방자치단체(시),경기,경기도 부천시 소사구,부천시,,행정안전부(지방자치단체),
지방자치단체(시),경기,경기도 부천시 원미구,부천시,,행정안전부(지방자치단체),
지방자치단체(도),경기,경기도 북부소방재난본부,지자체기타,,행정안전부(지방자치단체),
지방자치단체(도),경기,경기도 산림환경연구소,지자체기타,,행정안전부(지방자치단체),
지방자치단체(시),경기,경기도 성남시,성남시,,행정안전부(지방자치단체),
지방자치단체(시),경기,경기도 성남시 도시개발사업단,성남시,,행정안전부(지방자치단체),
지방자치단체(시),경기,경기도 성남시 도시정비사업소,성남시,,행정안전부(지방자치단체),
지방자치단체(시),경기,경기도 성남시 분당구,성남시,,행정안전부(지방자치단체),
지방자치단체(시),경기,경기도 성남시 상하수도사업소,성남시,,행정안전부(지방자치단체),
지방자치단체(시),경기,경기도 성남시 수정구청,성남시,,행정안전부(지방자치단체),
지방자치단체(시),경기,경기도 성남시 중원구,성남시,,행정안전부(지방자치단체),
지방자치단체(시),경기,경기도 성남시 환경녹지사업소,성남시,,행정안전부(지방자치단체),
지방자치단체(시),경기,경기도 송탄시,지자체기타,,행정안전부(지방자치단체),
지방자치단체(시),경기,경기도 수원시,수원시,,행정안전부(지방자치단체),
지방자치단체(시),경기,경기도 수원시 공영개발사업단,수원시,,행정안전부(지방자치단체),
지방자치단체(시),경기,경기도 수원시 상수도사업소,수원시,,행정안전부(지방자치단체),
지방자치단체(시),경기,경기도 수원시 장안구청,수원시,,행정안전부(지방자치단체),
지방자치단체(시),경기,경기도 수원시 재활용사업소,수원시,,행정안전부(지방자치단체),
지방자치단체(시),경기,경기도 수원시 하수관리과 하수도사업특별회계관리자,수원시,,행정안전부(지방자치단체),
지방자치단체(시),경기,경기도 수원시 화성관리사무소,수원시,,행정안전부(지방자치단체),
지방자치단체(시),경기,경기도 수원시 화성사업소,수원시,,행정안전부(지방자치단체),
지방자치단체(시),경기,경기도 수원시 환경사업소,수원시,,행정안전부(지방자치단체),
지방자치단체(시),경기,경기도 시흥시,시흥시,,행정안전부(지방자치단체),
지방자치단체(시),경기,경기도 시흥시 공원개발사업소,시흥시,,행정안전부(지방자치단체),
지방자치단체(광역시),경기,경기도 시흥시 맑은물사업소,시흥시,,행정안전부(지방자치단체),
지방자치단체(시),경기,경기도 시흥시 상하수도사업소,시흥시,,행정안전부(지방자치단체),
지방자치단체(시),경기,경기도 안산시,안산시,,행정안전부(지방자치단체),
지방자치단체(시),경기,경기도 안산시 상수도사업소,안산시,,행정안전부(지방자치단체),
지방자치단체(시),경기,경기도 안산시 환경사업소,안산시,,행정안전부(지방자치단체),
지방자치단체(군),경기,경기도 안성군,지자체기타,,행정안전부(지방자치단체),
지방자치단체(시),경기,경기도 안성시,안성시,,행정안전부(지방자치단체),
지방자치단체(시),경기,경기도 안성시 농업기술센터,안성시,,행정안전부(지방자치단체),
지방자치단체(시),경기,경기도 안성시 상수도사업소,안성시,,행정안전부(지방자치단체),
지방자치단체(시),경기,경기도 안성시 하수도사업소,안성시,,행정안전부(지방자치단체),
지방자치단체(시),경기,경기도 안양시,안양시,,행정안전부(지방자치단체),
지방자치단체(시),경기,경기도 안양시 도로교통사업소,안양시,,행정안전부(지방자치단체),
지방자치단체(시),경기,경기도 안양시 동안구,안양시,,행정안전부(지방자치단체),
지방자치단체(시),경기,경기도 안양시 만안구,안양시,,행정안전부(지방자치단체),
지방자치단체(시),경기,경기도 안양시 상수도사업소,안양시,,행정안전부(지방자치단체),
지방자치단체(시),경기,경기도 안양시 상하수도사업소,안양시,,행정안전부(지방자치단체),
지방자치단체(시),경기,경기도 안양시 청소사업소,안양시,,행정안전부(지방자치단체),
지방자치단체(시),경기,경기도 안양시 환경사업소,안양시,,행정안전부(지방자치단체),
지방자치단체(시),경기,경기도 안양시 환경수도사업소,안양시,,행정안전부(지방자치단체),
지방자치단체(시),경기,경기도 양주시,양주시,,행정안전부(지방자치단체),
지방자치단체(군),경기,경기도 양평군,양평군,,행정안전부(지방자치단체),
지방자치단체(군),경기,경기도 양평군 농업기술센터,양평군,,행정안전부(지방자치단체),
지방자치단체(군),경기,경기도 양평군 단월면,양평군,,행정안전부(지방자치단체),
지방자치단체(군),경기,경기도 양평군 도로교통사업소,양평군,,행정안전부(지방자치단체),
지방자치단체(군),경기,경기도 양평군 산림경영사업소,양평군,,행정안전부(지방자치단체),
지방자치단체(군),경기,경기도 양평군 수도사업소,양평군,,행정안전부(지방자치단체),
지방자치단체(군),경기,경기도 양평군 지평면,양평군,,행정안전부(지방자치단체),
지방자치단체(군),경기,경기도 양평군 청운면사무소,양평군,,행정안전부(지방자치단체),
지방자치단체(군),경기,경기도 양평군 환경사업소,양평군,,행정안전부(지방자치단체),
지방자치단체(군),경기,경기도 여주군 능서면,지자체기타,,행정안전부(지방자치단체),
지방자치단체(군),경기,경기도 여주시,여주시,,행정안전부(지방자치단체),
지방자치단체(군),경기,경기도 여주시 수도사업소,여주시,,행정안전부(지방자치단체),
지방자치단체(시),경기,경기도 여주시 하수사업소,여주시,,행정안전부(지방자치단체),
지방자치단체(군),경기,경기도 연천군,연천군,,행정안전부(지방자치단체),
지방자치단체(군),경기,경기도 연천군 맑은물관리사업소,연천군,,행정안전부(지방자치단체),
지방자치단체(시),경기,경기도 오산시청,지자체기타,,행정안전부(지방자치단체),
지방자치단체(시),경기,경기도 용인시,용인시,,행정안전부(지방자치단체),
지방자치단체(시),경기,경기도 용인시 기흥구,용인시,,행정안전부(지방자치단체),
지방자치단체(시),경기,경기도 용인시 도시사업소,용인시,,행정안전부(지방자치단체),
지방자치단체(시),경기,경기도 용인시 수지구,용인시,,행정안전부(지방자치단체),
지방자치단체(시),경기,경기도 용인시 처인구,용인시,,행정안전부(지방자치단체),
지방자치단체(시),경기,경기도 용인시 하수도사업소,용인시,,행정안전부(지방자치단체),
지방자치단체(시),경기,경기도 용인시 환경위생사업소,용인시,,행정안전부(지방자치단체),
지방자치단체(시),경기,경기도 의왕시,의왕시,,행정안전부(지방자치단체),
지방자치단체(시),경기,경기도 의정부시,의정부시,,행정안전부(지방자치단체),
지방자치단체(시),경기,경기도 의정부시 공영개발사업소,의정부시,,행정안전부(지방자치단체),
지방자치단체(시),경기,경기도 이천시,이천시,,행정안전부(지방자치단체),
지방자치단체(시),경기,경기도 이천시 민주공원사업소,이천시,,행정안전부(지방자치단체),
지방자치단체(시),경기,경기도 이천시 상하수도사업소,이천시,,행정안전부(지방자치단체),
지방자치단체(시),경기,경기도 파주시,파주시,,행정안전부(지방자치단체),
지방자치단체(시),경기,경기도 파주시 공원관리사업소,파주시,,행정안전부(지방자치단체),
지방자치단체(시),경기,경기도 파주시 도시관리사업본부,파주시,,행정안전부(지방자치단체),
지방자치단체(시),경기,경기도 평택시,평택시,,행정안전부(지방자치단체),
지방자치단체(시),경기,경기도 평택시 공영개발사업소,평택시,,행정안전부(지방자치단체),
지방자치단체(시),경기,경기도 평택시 농업기술센터,평택시,,행정안전부(지방자치단체),
지방자치단체(시),경기,경기도 평택시 도시개발사업소,평택시,,행정안전부(지방자치단체),
지방자치단체(시),경기,경기도 평택시 상하수도사업소,평택시,,행정안전부(지방자치단체),
지방자치단체(시),경기,경기도 평택시 송탄출장소,평택시,,행정안전부(지방자치단체),
지방자치단체(시),경기,경기도 평택시 안전건설교통사업소,평택시,,행정안전부(지방자치단체),
지방자치단체(시),경기,경기도 평택시 안중출장소,평택시,,행정안전부(지방자치단체),
지방자치단체(시),경기,경기도 평택시 푸른도시사업소,평택시,,행정안전부(지방자치단체),
지방자치단체(시),경기,경기도 포천시,포천시,,행정안전부(지방자치단체),군에서 시로 승격
지방자치단체(시),경기,경기도 포천시 수도사업소,포천시,,행정안전부(지방자치단체),
지방자치단체(시),경기,경기도 하남시,하남시,,행정안전부(지방자치단체),
지방자치단체(시),경기,경기도 하남시 도시개발공사,하남시,,행정안전부(지방자치단체),
지방자치단체(시),경기,경기도 하남시 친환경사업소,하남시,,행정안전부(지방자치단체),
지방자치단체(시),경기,경기도 화성도시공사,지자체기타,,행정안전부(지방자치단체),
지방자치단체(시),경기,경기도 화성시,화성시,,행정안전부(지방자치단체),
지방자치단체(시),경기,경기도 화성시 공원녹지사업소,화성시,,행정안전부(지방자치단체),
지방자치단체(시),경기,경기도 화성시 동부출장소,화성시,,행정안전부(지방자치단체),
지방자치단체(시),경기,경기도 화성시 맑은물사업소,화성시,,행정안전부(지방자치단체),
지방자치단체(시),경기,경기도 화성시 상하수도사업소,화성시,,행정안전부(지방자치단체),
중앙행정기관(기타),경기,경기도교육청,중앙기타,,조달청(해양수산부산하기관),
정부투자기관(기타),경기,경기도교육청 경기도가평교육지원청,중앙기타,,,
중앙행정기관(기타),경기,경기도교육청 경기도고양교육지원청,중앙기타,,조달청(해양수산부산하기관),
중앙행정기관(기타),경기,경기도교육청 경기도광명교육지원청,중앙기타,,,
중앙행정기관(기타),경기,경기도교육청 경기도광주하남교육지원청,중앙기타,,미분류,
중앙행정기관(기타),경기,경기도교육청 경기도구리남양주교육지원청,중앙기타,,조달청(해양수산부산하기관),
지방자치단체(도),경기,경기도교육청 경기도군포의왕교육지원청,중앙기타,,,
중앙행정기관(기타),경기,경기도교육청 경기도김포교육지원청,중앙기타,,조달청(해양수산부산하기관),
중앙행정기관(기타),경기,경기도교육청 경기도동두천양주교육지원청,중앙기타,,조달청(해양수산부산하기관),
중앙행정기관(기타),경기,경기도교육청 경기도부천교육지원청,중앙기타,,조달청(해양수산부산하기관),
지방자치단체(도),경기,경기도교육청 경기도성남교육지원청,중앙기타,,행정안전부(지방자치단체),
중앙행정기관(기타),경기,경기도교육청 경기도수원교육지원청,중앙기타,,조달청(해양수산부산하기관),
중앙행정기관(기타),경기,경기도교육청 경기도시흥교육지원청,시흥시,,행정안전부(지방자치단체),
중앙행정기관(기타),경기,경기도교육청 경기도안산교육지원청,중앙기타,,조달청(해양수산부산하기관),
중앙행정기관(기타),경기,경기도교육청 경기도안성교육지원청,중앙기타,,조달청(해양수산부산하기관),
중앙행정기관(기타),경기,경기도교육청 경기도안양과천교육지원청,중앙기타,,조달청(해양수산부산하기관),
중앙행정기관(기타),경기,경기도교육청 경기도양평교육지원청,중앙기타,,,
중앙행정기관(기타),경기,경기도교육청 경기도여주교육지원청,중앙기타,,조달청(해양수산부산하기관),
지방자치단체(도),경기,경기도교육청 경기도용인교육지원청,중앙기타,,행정안전부(지방자치단체),
지방자치단체(도),경기,경기도교육청 경기도의정부교육지원청,중앙기타,,행정안전부(지방자치단체),
지방자치단체(도),경기,경기도교육청 경기도이천교육지원청,중앙기타,,행정안전부(지방자치단체),
중앙행정기관(기타),경기,경기도교육청 경기도파주교육지원청,중앙기타,,조달청(해양수산부산하기관),
중앙행정기관(기타),경기,경기도교육청 경기도평택교육지원청,중앙기타,,조달청(해양수산부산하기관),
지방자치단체(도),경기,경기도교육청 경기도포천교육지원청,중앙기타,,,
중앙행정기관(기타),경기,경기도교육청 경기도화성오산교육지원청,중앙기타,,조달청(해양수산부산하기관),
지방자치단체(도),경기,경기도청,경기도,,행정안전부(지방자치단체),
지방자치단체(도),경기,경기도청 북부청사,경기도,,행정안전부(지방자치단체),
중앙행정기관(기타),경기,경기도파주교육지원청,중앙기타,,행정안전부(지방자치단체),
정부투자기관(기타),경기,경기신용보증재단,공사기타,,행정안전부(지방자치단체),
지방자치단체(시),경기,경기주택도시공사,지자체기타,,행정안전부(지방자치단체),
지방자치단체(도),경기,경기지방공사,지자체기타,,행정안전부(지방자치단체),
정부투자기관(기타),경기,경기평택항만공사,공사기타,,행정안전부(지방자치단체),
정부투자기관(공사),경남,경남개발공사,지자체기타,,행정안전부(지방자치단체),
지방자치단체(도),경북,경북관광개발공사,지자체기타,,행정안전부(지방자치단체),
지방자치단체(시),경북,경산시 상하수도과,경산시,,행정안전부(지방자치단체),
지방자치단체(시),경북,경산시 하수도과,경산시,,행정안전부(지방자치단체),
지방자치단체(시),경북,경산시 환경시설사업소,경산시,,행정안전부(지방자치단체),
지방자치단체(시),경남,경상남도 거제시,거제시,,행정안전부(지방자치단체),
지방자치단체(군),경남,경상남도 거창군,거창군,,행정안전부(지방자치단체),
지방자치단체(군),경남,경상남도 고성군,고성군,,행정안전부(지방자치단체),
지방자치단체(군),경남,경상남도 고성군 상하수도사업소,고성군,,행정안전부(지방자치단체),
지방자치단체(시),경남,경상남도 김해시,김해시,,행정안전부(지방자치단체),
지방자치단체(시),경남,경상남도 김해시 수도과,김해시,,행정안전부(지방자치단체),
지방자치단체(군),경남,경상남도 남해군,남해군,,행정안전부(지방자치단체),
지방자치단체(군),경남,경상남도 남해군 상하수도사업소,남해군,,행정안전부(지방자치단체),
지방자치단체(시),경남,경상남도 마산시,지자체기타,,행정안전부(지방자치단체),
지방자치단체(시),경남,경상남도 마산시 상하수도사업소,지자체기타,,행정안전부(지방자치단체),
지방자치단체(시),경남,경상남도 마산시 환경시설사업소,지자체기타,,행정안전부(지방자치단체),
지방자치단체(시),경남,경상남도 밀양시,밀양시,,행정안전부(지방자치단체),
지방자치단체(시),경남,경상남도 사천시,사천시,,행정안전부(지방자치단체),
지방자치단체(도),경남,경상남도 산림환경연구원,지자체기타,,행정안전부(지방자치단체),
지방자치단체(군),경남,경상남도 산청군,산청군,,행정안전부(지방자치단체),
지방자치단체(시),경남,경상남도 삼천포시,사천시,,행정안전부(지방자치단체),
지방자치단체(시),경남,경상남도 양산시,양산시,,행정안전부(지방자치단체),
지방자치단체(군),경남,경상남도 의령군,의령군,,행정안전부(지방자치단체),
지방자치단체(시),경남,경상남도 장승포시,지자체기타,,행정안전부(지방자치단체),
지방자치단체(시),경남,경상남도 진주시,진주시,,행정안전부(지방자치단체),
지방자치단체(시),경남,경상남도 진주시 맑은물사업소 수도과,진주시,,행정안전부(지방자치단체),
지방자치단체(시),경남,경상남도 진해시,지자체기타,,행정안전부(지방자치단체),
지방자치단체(시),경남,경상남도 진해시 상수도관리사업소,지자체기타,,행정안전부(지방자치단체),
지방자치단체(군),경남,경상남도 창녕군,창녕군,,행정안전부(지방자치단체),
지방자치단체(군),경남,경상남도 창녕군 상하수도사업소,창녕군,,행정안전부(지방자치단체),
지방자치단체(시),경남,경상남도 창원시,창원시,,행정안전부(지방자치단체),
지방자치단체(시),경남,경상남도 창원시 상수도사업소,창원시,,행정안전부(지방자치단체),
지방자치단체(시),경남,경상남도 창원시 하수관리사업소,창원시,,행정안전부(지방자치단체),
지방자치단체(시),경남,경상남도 창원시 하수도사업소,창원시,,행정안전부(지방자치단체),
지방자치단체(시),경남,경상남도 창원시 해양개발사업소,창원시,,행정안전부(지방자치단체),
지방자치단체(시),경남,경상남도 통영시,통영시,,행정안전부(지방자치단체),
지방자치단체(군),경남,경상남도 하동군,하동군,,행정안전부(지방자치단체),
지방자치단체(군),경남,경상남도 함안군,함안군,,행정안전부(지방자치단체),
지방자치단체(군),경남,경상남도 함안군 상하수도사업소,함안군,,행정안전부(지방자치단체),
지방자치단체(군),경남,경상남도 함양군,함양군,,행정안전부(지방자치단체),
지방자치단체(군),경남,경상남도 함양군 상하수도사업소,함양군,,행정안전부(지방자치단체),
지방자치단체(군),경남,경상남도 합천군,합천군,,행정안전부(지방자치단체),
지방자치단체(군),미분류,경상남도 합천군 상하수도사업소,합천군,,행정안전부(지방자치단체),
지방자치단체(도),경남,경상남도청,경상남도,,행정안전부(지방자치단체),
지방자치단체(도),경북,경상북도,경상북도,,행정안전부(지방자치단체),
지방자치단체(도),경북,경상북도 개발공사,지자체기타,,행정안전부(지방자치단체),
지방자치단체(도),경북,경상북도 건설본부,지자체기타,,행정안전부(지방자치단체),
지방자치단체(시),경북,경상북도 경산시,경산시,,행정안전부(지방자치단체),
지방자치단체(시),경북,경상북도 경산시 상수도사업관리자,경산시,,행정안전부(지방자치단체),
지방자치단체(시),경북,경상북도 경주시,경주시,,행정안전부(지방자치단체),
지방자치단체(시),경북,경상북도 경주시 도시재생사업본부,경주시,,행정안전부(지방자치단체),
지방자치단체(시),경북,경상북도 경주시 동궁원,경주시,,행정안전부(지방자치단체),
지방자치단체(시),경북,경상북도 경주시 맑은물사업본부,경주시,,행정안전부(지방자치단체),
지방자치단체(시),경북,경상북도 경주시 수도사업소,경주시,,행정안전부(지방자치단체),
지방자치단체(시),경북,경상북도 경주시 에코(Eco)-물센터,경주시,,행정안전부(지방자치단체),
지방자치단체(군),경북,경상북도 고령군,고령군,,행정안전부(지방자치단체),
지방자치단체(도),경북,경상북도 관광개발공사,지자체기타,,행정안전부(지방자치단체),
지방자치단체(시),경북,경상북도 구미시,구미시,,행정안전부(지방자치단체),
지방자치단체(시),경북,경상북도 김천시,김천시,,행정안전부(지방자치단체),원단위지급안됨.
지방자치단체(시),경북,경상북도 문경시,문경시,,행정안전부(지방자치단체),
지방자치단체(시),경북,경상북도 문경시 상하수도사업소,문경시,,행정안전부(지방자치단체),
지방자치단체(군),경북,경상북도 봉화군,봉화군,,행정안전부(지방자치단체),
지방자치단체(도),,경상북도 북부건설사업소,경상북도,,행정안전부(지방자치단체),
지방자치단체(도),경북,경상북도 산림환경연구원,지자체기타,,행정안전부(지방자치단체),
지방자치단체(시),경북,경상북도 상주시,상주시,,행정안전부(지방자치단체),
지방자치단체(군),경북,경상북도 성주군,성주군,,행정안전부(지방자치단체),
지방자치단체(군),경북,경상북도 성주군 상하수도사업소,성주군,,행정안전부(지방자치단체),
지방자치단체(군),경북,경상북도 성주군 자원순환사업소,성주군,,행정안전부(지방자치단체),
지방자치단체(시),경북,경상북도 안동시,안동시,,행정안전부(지방자치단체),
지방자치단체(시),경북,경상북도 안동시 맑은물사업본부,안동시,,행정안전부(지방자치단체),
지방자치단체(군),경북,경상북도 영덕군,영덕군,,행정안전부(지방자치단체),
지방자치단체(군),경북,경상북도 영덕군 상하수도사업소,영덕군,,행정안전부(지방자치단체),
지방자치단체(군),경북,경상북도 영덕군 시설체육사업소,영덕군,,행정안전부(지방자치단체),
지방자치단체(군),경북,경상북도 영양군,영양군,,행정안전부(지방자치단체),
지방자치단체(군),경북,경상북도 영양군 문화시설사업소,영양군,,행정안전부(지방자치단체),
지방자치단체(시),경북,경상북도 영주시,영주시,,행정안전부(지방자치단체),
지방자치단체(시),경북,경상북도 영주시 환경사업소,영주시,,행정안전부(지방자치단체),
지방자치단체(시),경북,경상북도 영천시,영천시,,행정안전부(지방자치단체),
지방자치단체(시),경북,경상북도 영천시 환경사업소,영천시,,행정안전부(지방자치단체),
지방자치단체(시),경북,경상북도 영천시상수도사업소,지자체기타,,행정안전부(지방자치단체),
지방자치단체(군),경북,경상북도 예천군,예천군,,행정안전부(지방자치단체),
지방자치단체(군),경북,경상북도 예천군 곤충연구소,예천군,,행정안전부(지방자치단체),
지방자치단체(군),경북,경상북도 울릉군,울릉군,,행정안전부(지방자치단체),
지방자치단체(군),경북,경상북도 울진군,울진군,,행정안전부(지방자치단체),
지방자치단체(군),경북,경상북도 울진군 맑은물사업소,울진군,,행정안전부(지방자치단체),
지방자치단체(군),경북,경상북도 울진군 체육진흥사업소,울진군,,행정안전부(지방자치단체),
지방자치단체(군),경북,경상북도 의성군,의성군,,행정안전부(지방자치단체),
지방자치단체(군),경북,경상북도 의성군 상하수도사업소,의성군,,행정안전부(지방자치단체),
지방자치단체(도),미분류,경상북도 잠사곤충사업소,지자체기타,,행정안전부(지방자치단체),
지방자치단체(도),경북,경상북도 종합건설사업소,지자체기타,,행정안전부(지방자치단체),
지방자치단체(군),경북,경상북도 청도군,청도군,,행정안전부(지방자치단체),
지방자치단체(군),경북,경상북도 청도군 물관리사업소,청도군,,행정안전부(지방자치단체),
지방자치단체(군),경북,경상북도 청송군,청송군,,행정안전부(지방자치단체),
지방자치단체(군),경북,경상북도 칠곡군,칠곡군,,행정안전부(지방자치단체),
지방자치단체(군),경북,경상북도 칠곡군 수도사업소,칠곡군,,행정안전부(지방자치단체),
지방자치단체(시),경북,경상북도 포항시,포항시,,행정안전부(지방자치단체),
지방자치단체(시),경북,경상북도 포항시 맑은물사업본부,포항시,,행정안전부(지방자치단체),
지방자치단체(시),경북,경상북도 포항시 북구,포항시,,행정안전부(지방자치단체),
지방자치단체(시),경북,경상북도 포항시 상수도사업소,포항시,,행정안전부(지방자치단체),
지방자치단체(시),경북,경상북도 포항시 푸른도시사업단,포항시,,행정안전부(지방자치단체),
지방자치단체(도),경북,경상북도 환동해지역본부,지자체기타,,행정안전부(지방자치단체),
정부투자기관(공사),경북,경상북도문화관광공사,지자체기타,,행정안전부(지방자치단체),
정부투자기관(기타),경북,경주관광개발공사,지자체기타,,행정안전부(지방자치단체),
중앙행정기관(기타),경기,경찰청 경기도남부지방경찰청,중앙기타,,국토교통부(지방국토관리청/국토부예하기관),
중앙행정기관(기타),경기,경찰청 경기도지방경찰청,중앙기타,,조달청(해양수산부산하기관),
중앙행정기관(기타),서울,경찰청 경찰대학,중앙기타,,조달청(해양수산부산하기관),
중앙행정기관(기타),제주,경찰청 제주도지방경찰청,중앙기타,,조달청(해양수산부산하기관),
지방자치단체(군),강원,고성군 상하수도사업소,고성군,,행정안전부(지방자치단체),
지방자치단체(시),경기,고양도시관리공사,지자체기타,,행정안전부(지방자치단체),
지방자치단체(시),경기,고양시 건설관리본부,고양시,,행정안전부(지방자치단체),
지방자치단체(시),경기,고양시 상하수도사업소(하수도),고양시,,행정안전부(지방자치단체),하수도
지방자치단체(시),경기,고양시 푸른도시사업소,고양시,,행정안전부(지방자치단체),고양시 건설사업소 -->푸른도시사업소로 변경(19.04.22)
외국기관,미분류,공공교통성,외국기관,,미분류,
중앙행정기관(국방부),서울,공군 3175부대,국방부,,국방부,
중앙행정기관(국방부),서울,공군 본부,국방부,,국방부,
중앙행정기관(국방부),서울,공군 작사예하 방포사예하 제3여단,국방부,,국방부,
중앙행정기관(국방부),서울,공군 제10전투비행단,국방부,,국방부,
중앙행정기관(국방부),경기,공군 제1전투비행단,국방부,,국방부,
중앙행정기관(국방부),부산,공군 제5전술공수비행단,국방부,,국방부,
중앙행정기관(국방부),서울,공군 제8전투비행단,국방부,,국방부,
중앙행정기관(국방부),충남,공군본부,국방부,,국방부,
중앙행정기관(국방부),충북,공군사관학교 재무관,국방부,,국방부,
중앙행정기관(국방부),,공군작사근무지원단,국방부,,,
중앙행정기관(국방부),충북,공군제19전투 비행단,국방부,,국방부,
중앙행정기관(국방부),서울,공군제3267부대,국방부,,국방부,
중앙행정기관(국방부),서울,공군중앙관리단,국방부,,국방부,
정부투자기관(기타),서울,공무원연금공단,공사기타,,조달청(해양수산부산하기관),
지방자치단체(시),충남,공주시농업기술센터,지자체기타,,행정안전부(지방자치단체),
정부투자기관(공사),제주,공항공사 제주지사,공사기타,,조달청(해양수산부산하기관),
지방자치단체(시),경기,과천도시공사,지자체기타,,행정안전부(지방자치단체),
중앙행정기관(기타),서울,과학기술부,중앙기타,,조달청(해양수산부산하기관),
중앙행정기관(기타),경기,광동고등학교(경기도 교육청),중앙기타,,조달청(해양수산부산하기관),
지방자치단체(시),경기,광명시 친환경사업본부,광명시,,행정안전부(지방자치단체),
정부투자기관(기타),전남,광양만권경제자유구역청,공사기타,,행정안전부(지방자치단체),
지방자치단체(시),전남,광양시상수도사업회계관리자,지자체기타,,행정안전부(지방자치단체),
지방자치단체(시),전남,광양시하수도관리자,지자체기타,,행정안전부(지방자치단체),
지방자치단체(광역시),광주,광주광역시,광주광역시,,행정안전부(지방자치단체),
지방자치단체(도),광주,광주광역시 광산구,광주광역시,,행정안전부(지방자치단체),
지방자치단체(도),광주,광주광역시 남구,광주광역시,,행정안전부(지방자치단체),
지방자치단체(광역시),광주,광주광역시 도시공사,광주광역시,,행정안전부(지방자치단체),
지방자치단체(광역시),광주,광주광역시 동구,광주광역시,,행정안전부(지방자치단체),
지방자치단체(광역시),광주,광주광역시 북구,광주광역시 북구,,행정안전부(지방자치단체),
지방자치단체(시),광주,광주광역시 상수도사업본부,광주광역시,,행정안전부(지방자치단체),
지방자치단체(광역시),광주,광주광역시 서구,광주광역시 서구,,행정안전부(지방자치단체),
지방자치단체(광역시),광주,광주광역시 종합건설본부,광주광역시,,행정안전부(지방자치단체),
지방자치단체(광역시),광주,광주광역시 지하철본부,광주광역시,,행정안전부(지방자치단체),
지방자치단체(광역시),광주,광주광역시 환경시설공단,광주광역시,,행정안전부(지방자치단체),
중앙행정기관(기타),광주,광주광역시교육청,중앙기타,,조달청(해양수산부산하기관),
지방자치단체(시),광주,광주광역시하수도특별회계,지자체기타,,행정안전부(지방자치단체),
지방자치단체(시),경기,광주도시관리공사,지자체기타,,행정안전부(지방자치단체),
정부투자기관(공사),경기,광주지방공사,지자체기타,,행정안전부(지방자치단체),
정부투자기관(기타),광주,광주환경공단,한국환경공단,,행정안전부(지방자치단체),
지방자치단체(시),경기,교동초등학교,지자체기타,,행정안전부(지방자치단체),
정부투자기관(기타),경기,교통개발연구원,공사기타,,미분류,
지방자치단체(군),전남,구례군 농업기술센터소장,구례군,,행정안전부(지방자치단체),
지방자치단체(시),경기,구리농수산물도매시장,지자체기타,,행정안전부(지방자치단체),
지방자치단체(시),경기,구리도시공사,지자체기타,,행정안전부(지방자치단체),
지방자치단체(시),경북,구미도시공사,구미시,,행정안전부(지방자치단체),
지방자치단체(시),경북,구미시 상하수도사업본부,구미시,,행정안전부(지방자치단체),
지방자치단체(시),경북,구미시 선산출장소,구미시,,행정안전부(지방자치단체),
중앙행정기관(기타),세종,국가보훈부,중앙기타,,,
중앙행정기관(철도청),대전,국가철도공단,국가철도공단,,국가철도공단,
중앙행정기관(철도청),강원,국가철도공단 강원본부,국가철도공단,,국가철도공단,종사업자번호 : 0002호
중앙행정기관(철도청),서울,국가철도공단 수도권본부,국가철도공단,,국가철도공단,종사업자번호 : 0001호
중앙행정기관(철도청),부산,국가철도공단 영남지역본부,국가철도공단,,국가철도공단,
중앙행정기관(철도청),경북,국가철도공단 영주지역본부,국가철도공단,,국가철도공단,
중앙행정기관(철도청),대전,국가철도공단 충청본부,국가철도공단,,국가철도공단,종사업자번호 : 0003호
중앙행정기관(철도청),전남,국가철도공단 호남본부,국가철도공단,,국가철도공단,종사업자번호 : 0006호
중앙행정기관(철도청),경기,국가철도공단(고속철도사업단)(신성장사업단)김  포  시,국가철도공단,,국가철도공단,
중앙행정기관(철도청),충북,국가철도공단(기술본부) 천안시,국가철도공단,,국가철도공단,
중앙행정기관(철도청),충북,국가철도공단시설장비사무소,국가철도공단,,국가철도공단,종사업자번호 : 0005호
중앙행정기관(철도청),부산,국가철도공단영남본부,국가철도공단,,국가철도공단,종사업자번호 : 0007호
중앙행정기관(국방부),서울,국군 제7016부대,국방부,,국방부,
중앙행정기관(국방부),서울,국군수송사령부,국방부,,국방부,
중앙행정기관(국방부),경기,국군재정관리단,국방부,,국방부,
중앙행정기관(국방부),서울,국군중앙계약관,국방부,,국방부,
중앙행정기관(국방부),서울,국군지휘통신사령부,국방부,,국방부,
중앙행정기관(기타),서울,국립공원관리공단,중앙기타,,조달청(해양수산부산하기관),
정부투자기관(기타),전북,국립공원관리공단 내장산관리사업소,중앙기타,,미분류,
중앙행정기관(기타),서울,국립공원관리공단 북한산서부관리사무소,중앙기타,,조달청(해양수산부산하기관),
지방자치단체(시),서울,국립대학법인 서울대학교,지자체기타,,행정안전부(지방자치단체),
중앙행정기관(기타),서울,국립방재연구소,중앙기타,,미분류,
정부투자기관(기타),서울,국립백두대간수목원,공사기타,,조달청(해양수산부산하기관),
중앙행정기관(기타),대전,국립자연휴양림관리소,,,미분류,
정부투자기관(기타),서울,국민연금관리공단,공사기타,,조달청(해양수산부산하기관),
정부투자기관(공사),서울,국민체육진흥공단 경주사업본부,공사기타,,조달청(해양수산부산하기관),
중앙행정기관(국방부),대전,국방과학연구소,국방부,,국방부,
중앙행정기관(국방부),경남,국방과학연구소 해양기술연구원,국방부,,국방부,
중앙행정기관(국방부),충남,국방부 계룡대근무지원단,국방부,,국방부,
중앙행정기관(국방부),서울,국방부 조달본부,국방부,,국방부,
중앙행정기관(국방부),서울,국방부 주한미군기지이전사업단,국방부,,국방부,
중앙행정기관(국방부),서울,국방시설본부,국방부,,국방부,
중앙행정기관(국방부),서울,국방시설본부,국방부,,국방부,
중앙행정기관(국토교통부),기타,국책연구기관,국토교통부기타,,미분류,
정부투자기관(기타),경기,국토교통과학기술진흥원,공사기타,,미분류,
중앙행정기관(국토교통부),세종,국토교통부,국토교통부,,국토교통부(지방국토관리청/국토부예하기관),
중앙행정기관(국토교통부),부산,국토교통부 부산지방항공청,국토교통부,,국토교통부(지방국토관리청/국토부예하기관),
중앙행정기관(국토교통부),인천,국토교통부 서울지방항공청,국토교통부,,국토교통부(지방국토관리청/국토부예하기관),
정부투자기관(기타),경기,국토연구원,공사기타,,국토교통부(지방국토관리청/국토부예하기관),
정부투자기관(기타),세종,국토연구원,공사기타,,미분류,
중앙행정기관(국토교통부),경기,국토해양부 국립지리원,국토교통부기타,,국토교통부(지방국토관리청/국토부예하기관),
중앙행정기관(기타),충남,국토해양부 금강홍수통제소,국토교통부기타,,환경부(지방유역환경청/환경부예하기관),
중앙행정기관(기타),부산,국토해양부 낙동강홍수통제소,국토교통부기타,,환경부(지방유역환경청/환경부예하기관),
중앙행정기관(기타),전남,국토해양부 섬진강홍수통제소,국토교통부기타,,환경부(지방유역환경청/환경부예하기관),
중앙행정기관(기타),전남,국토해양부 영산강홍수통제소,국토교통부기타,,환경부(지방유역환경청/환경부예하기관),
중앙행정기관(기타),서울,국토해양부 한강홍수통제소,국토교통부기타,,환경부(지방유역환경청/환경부예하기관),
중앙행정기관(국토교통부),서울,국토해양부 항로교통관제소,국토교통부기타,,국토교통부(지방국토관리청/국토부예하기관),
중앙행정기관(해양수산부),전북,군산지방해양수산청,군산지방해양수산청,,조달청(해양수산부산하기관),
지방자치단체(시),경기,군포도시공사,지자체기타,,행정안전부(지방자치단체),
지방자치단체(시),경기,군포시 수도녹지사업소 생태공원녹지과,군포시,,행정안전부(지방자치단체),
지방자치단체(시),경기,군포시 수도녹지사업소 수도과,군포시,,행정안전부(지방자치단체),
지방자치단체(시),경기,군포시 수도녹지사업소 하수과,군포시,,행정안전부(지방자치단체),
외국기관,해외,그루지아 지역개발기반시설부,외국기관,,미분류,
정부투자기관(기타),서울,근로복지공단,공사기타,,조달청(해양수산부산하기관),
지방자치단체(군),충남,금강수상관광상생발전협의회,지자체기타,,,
중앙행정기관(기타),서울,기상청,중앙기타,,조달청(해양수산부산하기관),
중앙행정기관(기타),경기,기후에너지환경부,환경부,,환경부(지방유역환경청/환경부예하기관),
중앙행정기관(기타),서울,기후에너지환경부 국립생태원건립추진기획단,환경부,,국토교통부(지방국토관리청/국토부예하기관),
중앙행정기관(기타),인천,기후에너지환경부 국립환경과학원,환경부,,환경부(지방유역환경청/환경부예하기관),
중앙행정기관(기타),경기,기후에너지환경부 국립환경과학원 한강물환경연구소,환경부,,환경부(지방유역환경청/환경부예하기관),
중앙행정기관(기타),대전,기후에너지환경부 금강유역환경청,환경부,,환경부(지방유역환경청/환경부예하기관),
중앙행정기관(기타),경남,기후에너지환경부 낙동강유역환경청,환경부,,환경부(지방유역환경청/환경부예하기관),
중앙행정기관(기타),광주,기후에너지환경부 영산강유역환경청,환경부,,환경부(지방유역환경청/환경부예하기관), 
정부투자기관(기타),강원,기후에너지환경부 원주지방환경청,환경부,,환경부(지방유역환경청/환경부예하기관),
중앙행정기관(기타),전북,기후에너지환경부 전북지방환경청,환경부,,환경부(지방유역환경청/환경부예하기관),발주처명 변경 :  새만금지방환경청-->전북지방환경청
중앙행정기관(기타),서울,기후에너지환경부 한강수계관리위원회,환경부,,국토교통부(지방국토관리청/국토부예하기관),
중앙행정기관(기타),서울,기후에너지환경부 한강유역환경청,환경부,,환경부(지방유역환경청/환경부예하기관),
지방자치단체(시),경기,김포도시관리공사,지자체기타,,행정안전부(지방자치단체),
지방자치단체(시),경기,김포시 공원녹화사업소,김포시,,행정안전부(지방자치단체),
지방자치단체(시),경기,김포시 도로관리사업소,김포시,,행정안전부(지방자치단체),
지방자치단체(시),경기,김포시 도시개발공사,김포시,,행정안전부(지방자치단체),
지방자치단체(시),경기,김포시 시설관리공단,김포시,,행정안전부(지방자치단체),
지방자치단체(시),경기,김포시 클린도시사업소,김포시,,행정안전부(지방자치단체),
정부투자기관(기타),경남,김해국제공항관리공단,공사기타,,미분류,
지방자치단체(시),경남,김해시 농업기술센터,김해시,,행정안전부(지방자치단체),
지방자치단체(시),경남,김해시 문화관광사업소,김해시,,행정안전부(지방자치단체),
지방자치단체(시),경남,김해시 상하수도사업소,김해시,,행정안전부(지방자치단체),
정부투자기관(공사),경북,김해시도시개발공사,공사기타,,행정안전부(지방자치단체),
외국기관,해외,나이지리아 농업농촌개발부,외국기관,,미분류,
외국기관,서울,남광토건/Soares Dacosta,외국기관,,미분류,
정부투자기관(공사),기타,남부건설사업소,공사기타,,한국전력공사(발전자회사),
지방자치단체(시),경기,남양주도시공사,지자체기타,,행정안전부(지방자치단체),
지방자치단체(시),경기,남양주시 도로관리사업소,남양주시,,행정안전부(지방자치단체),
지방자치단체(시),경기,남양주시 상하수도관리센터,남양주시,,행정안전부(지방자치단체),
중앙행정기관(기타),경남,남해어업지도소,중앙기타,,조달청(해양수산부산하기관),
중앙행정기관(기타),서울,내무부,중앙기타,,미분류,
외국기관,해외,네팔 건설부,외국기관,,미분류,
외국기관,해외,네팔 건설부 도로국,외국기관,,미분류,
외국기관,해외,네팔 관개부,외국기관,,미분류,
외국기관,해외,네팔 토양보존 및 수자원관리부,외국기관,,미분류,
외국기관,해외,"네팔, 도로국",외국기관,,미분류,
정부투자기관(기타),충남,논산계룡축산업협동조합,공사기타,,미분류,
정부투자기관(기타),경기,농림수산식품부,해양수산부기타,,조달청(해양수산부산하기관),
중앙행정기관(해양수산부),부산,농림수산식품부 동해어업관리단,해양수산부기타,,조달청(해양수산부산하기관),
정부투자기관(공사),전북,농업기반공사,공사기타,,조달청(해양수산부산하기관),
정부투자기관(공사),경기,농업기반공사 경기지역본부,한국농어촌공사,,조달청(해양수산부산하기관),
정부투자기관(기타),서울,농업협동조합,공사기타,,미분류,
정부투자기관(기타),전북,농촌진흥청,중앙기타,,조달청(해양수산부산하기관),
정부투자기관(기타),전북,농촌진흥청 국립농업과학원,중앙기타,,조달청(해양수산부산하기관),
정부투자기관(기타),전북,농촌진흥청 국립축산과학원 가축유전자원센터,중앙기타,,조달청(해양수산부산하기관),
정부투자기관(기타),충남,농촌진흥청 국립축산과학원 축산자원개발부,중앙기타,,조달청(해양수산부산하기관),
외국기관,미분류,다낭인프라PMU,외국기관,,미분류,
지방자치단체(시),충남,당진군청 관광개발사업소,지자체기타,,행정안전부(지방자치단체),
정부투자기관(공사),충남,당진화력발전소,공사기타,,한국전력공사(발전자회사),
지방자치단체(도),대구,대구경북경제자유구역청,지자체기타,,행정안전부(지방자치단체),
지방자치단체(광역시),대구,대구광역시,대구광역시,,행정안전부(지방자치단체),
지방자치단체(광역시),대구,대구광역시 건설방재국,대구광역시,,행정안전부(지방자치단체),
지방자치단체(군),대구,대구광역시 군위군,대구광역시,,행정안전부(지방자치단체),
지방자치단체(광역시),대구,대구광역시 남구,대구광역시 남구,,행정안전부(지방자치단체),
지방자치단체(시),대구,대구광역시 달서구,대구광역시,,행정안전부(지방자치단체),
지방자치단체(광역시),대구,대구광역시 달서천환경사업소,대구광역시,,행정안전부(지방자치단체),
지방자치단체(군),대구,대구광역시 달성군,대구광역시 달성군,,행정안전부(지방자치단체),
지방자치단체(광역시),대구,대구광역시 도시개발공사,대구광역시,,행정안전부(지방자치단체),
지방자치단체(광역시),대구,대구광역시 도시건설본부,대구광역시,,행정안전부(지방자치단체),
지방자치단체(광역시),대구,대구광역시 도시철도건설본부,대구광역시,,행정안전부(지방자치단체),
지방자치단체(광역시),대구,대구광역시 동구,대구광역시 동구,,행정안전부(지방자치단체),
지방자치단체(광역시),대구,대구광역시 북구,대구광역시 북구,,행정안전부(지방자치단체),
지방자치단체(광역시),대구,대구광역시 상수도사업본부,대구광역시,,행정안전부(지방자치단체),
지방자치단체(광역시),대구,대구광역시 상수도사업본부 가창정수사업소,대구광역시,,행정안전부(지방자치단체),
지방자치단체(군),대구,대구광역시 상수도사업본부 군위사업소,대구광역시,,행정안전부(지방자치단체),
지방자치단체(광역시),대구,대구광역시 상수도사업본부 달성사업소,대구광역시,,행정안전부(지방자치단체),
지방자치단체(광역시),대구,대구광역시 상수도사업본부 매곡정수사업소,대구광역시,,행정안전부(지방자치단체),
지방자치단체(광역시),대구,대구광역시 상수도사업본부 시설관리소,대구광역시,,행정안전부(지방자치단체),
지방자치단체(광역시),대구,대구광역시 상수도사업본부 죽곡정수사업소,대구광역시,,행정안전부(지방자치단체),
지방자치단체(광역시),대구,대구광역시 서구,대구광역시 서구,,행정안전부(지방자치단체),
지방자치단체(군),대구,대구광역시 수성구,대구광역시,,행정안전부(지방자치단체),
지방자치단체(광역시),대구,대구광역시 시설안전관리사업소,대구광역시,,행정안전부(지방자치단체),
지방자치단체(광역시),대구,대구광역시 종합건설본부,대구광역시,,행정안전부(지방자치단체),
지방자치단체(광역시),대구,대구광역시 중구청,대구광역시,,행정안전부(지방자치단체),
지방자치단체(광역시),대구,대구광역시 지하철건설본부,대구광역시,,행정안전부(지방자치단체),
지방자치단체(광역시),대구,대구광역시 하수도사업소,대구광역시,,행정안전부(지방자치단체),
지방자치단체(광역시),대구,대구광역시 하수도특별회계관리자,대구광역시,,행정안전부(지방자치단체),
지방자치단체(광역시),대구,대구광역시 하천관리사업소,대구광역시,,행정안전부(지방자치단체),
지방자치단체(광역시),대구,대구광역시 환경시설공단,대구광역시,,행정안전부(지방자치단체),
지방자치단체(광역시),대구,대구교통공사,공사기타,,행정안전부(지방자치단체),
지방자치단체(광역시),대구,대구도시개발공사,지자체기타,,행정안전부(지방자치단체),
중앙행정기관(기타),대구,대구지방환경청,대구지방환경청,,국토교통부(지방국토관리청/국토부예하기관),
정부투자기관(기타),대구,대구환경공단,한국환경공단,,행정안전부(지방자치단체),
외국기관,해외,대만성 상수도공사,외국기관,,미분류,
중앙행정기관(기타),경기,대법원 수원지방법원 평택지원,중앙기타,,,
중앙행정기관(해양수산부),충남,대산지방해양수산청,대산지방해양수산청,,조달청(해양수산부산하기관),
지방자치단체(광역시),대전,대전 오월드,지자체기타,,행정안전부(지방자치단체),
지방자치단체(광역시),대전,대전광역시,대전광역시,,행정안전부(지방자치단체),
지방자치단체(광역시),대전,대전광역시 건설관리본부,대전광역시,,행정안전부(지방자치단체),
지방자치단체(광역시),대전,대전광역시 대덕구,대전광역시,,행정안전부(지방자치단체),
지방자치단체(광역시),대전,대전광역시 동구청,대전광역시,,행정안전부(지방자치단체),
지방자치단체(광역시),대전,대전광역시 상수도사업본부,대전광역시,,행정안전부(지방자치단체),
지방자치단체(광역시),대전,대전광역시 서구,대전광역시,,행정안전부(지방자치단체),
지방자치단체(광역시),대전,대전광역시 유성구,대전광역시,,행정안전부(지방자치단체),
지방자치단체(광역시),대전,대전광역시 중구,대전광역시,,행정안전부(지방자치단체),
지방자치단체(광역시),대전,대전광역시 지하철건설본부,대전광역시,,행정안전부(지방자치단체),
지방자치단체(광역시),대전,대전광역시 하천관리사업소,대전광역시,,행정안전부(지방자치단체),
정부투자기관(공사),대전,대전도시공사,지자체기타,,행정안전부(지방자치단체),
중앙행정기관(국토교통부),대전,대전지방국토관리청,대전지방국토관리청,,국토교통부(지방국토관리청/국토부예하기관),
중앙행정기관(국토교통부),충북,대전지방국토관리청 논산국토관리사무소,대전지방국토관리청,,국토교통부(지방국토관리청/국토부예하기관),
중앙행정기관(국토교통부),대전,대전지방국토관리청 보은국토관리사무소,대전지방국토관리청,,국토교통부(지방국토관리청/국토부예하기관),
중앙행정기관(국토교통부),대전,대전지방국토관리청 예산국토관리사무소,대전지방국토관리청,,국토교통부(지방국토관리청/국토부예하기관),
중앙행정기관(국토교통부),대전,대전지방국토관리청 충주국토관리사무소,대전지방국토관리청,,국토교통부(지방국토관리청/국토부예하기관),
중앙행정기관(철도청),대전,대전지방철도청,한국철도공사,,한국철도공사,
중앙행정기관(기타),서울,대통령경호처,중앙기타,,조달청(해양수산부산하기관),
정부투자기관(공사),서울,대한무역투자진흥공사,공사기타,,미분류,
정부투자기관(기타),경기,대한장애인체육회이천훈련원,공사기타,,미분류,
정부투자기관(공사),경기,대한주택공사,한국토지주택공사,,한국토지주택공사,
정부투자기관(공사),강원,대한주택공사 강원지사,한국토지주택공사,,한국토지주택공사,
정부투자기관(공사),강원,대한주택공사 강원지역본부,한국토지주택공사,,한국토지주택공사,
정부투자기관(공사),경기,대한주택공사 경기지역본부,한국토지주택공사,,한국토지주택공사,
정부투자기관(공사),광주,대한주택공사 광주전남지역본부,한국토지주택공사,,한국토지주택공사,
정부투자기관(공사),대구,대한주택공사 대구경북지역본부,한국토지주택공사,,한국토지주택공사,
정부투자기관(공사),대전,대한주택공사 대전충남지역본부,한국토지주택공사,,한국토지주택공사,
정부투자기관(공사),부산,대한주택공사 부산지사,한국토지주택공사,,한국토지주택공사,
정부투자기관(공사),부산,대한주택공사 부산지역본부,한국토지주택공사,,한국토지주택공사,
정부투자기관(공사),서울,대한주택공사 서울지역본부,한국토지주택공사,,한국토지주택공사,
정부투자기관(공사),경기,대한주택공사 오산신도시사업본부,한국토지주택공사,,한국토지주택공사,
정부투자기관(공사),경남,대한주택공사 울산경남지역본부,한국토지주택공사,,한국토지주택공사,
정부투자기관(공사),인천,대한주택공사 인천지사,한국토지주택공사,,한국토지주택공사,
정부투자기관(공사),인천,대한주택공사 인천지역본부,한국토지주택공사,,한국토지주택공사,
정부투자기관(공사),전북,대한주택공사 전북지역본부,한국토지주택공사,,한국토지주택공사,
정부투자기관(공사),제주,대한주택공사 제주지역본부,한국토지주택공사,,한국토지주택공사,
정부투자기관(공사),충남,대한주택공사 충남지사,한국토지주택공사,,한국토지주택공사,
정부투자기관(공사),충북,대한주택공사 충북사업소,한국토지주택공사,,한국토지주택공사,
정부투자기관(공사),충북,대한주택공사 충북지역본부,한국토지주택공사,,한국토지주택공사,
정부투자기관(공사),경기,대한주택공사 파주신도시사업본부,한국토지주택공사,,한국토지주택공사,
정부투자기관(기타),서울,대한체육회,공사기타,,조달청(해양수산부산하기관),
중앙행정기관(국토교통부),서울,도로교통공단 경기도지부,국토교통부기타,,국토교통부(지방국토관리청/국토부예하기관),
중앙행정기관(국방부),,동원전력사령부,국방부,,,
중앙행정기관(기타),서울,동작세무서,중앙기타,,미분류,
외국기관,해외,동티모르 공공교통통신부,외국기관,,미분류,
외국기관,해외,동티모르 공공사업부,외국기관,,미분류,
외국기관,해외,동티모르 인프라부,외국기관,,미분류,
외국기관,해외,동티모르 조달청,외국기관,,미분류,
지방자치단체(도),강원,동해안권경제자유구역청,지자체기타,,행정안전부(지방자치단체),
중앙행정기관(해양수산부),강원,동해지방해양수산청,동해지방해양수산청,,조달청(해양수산부산하기관),
외국기관,해외,라오스,외국기관,,미분류,
외국기관,미분류,라오스 공공사업 및 교통부,외국기관,,미분류,
외국기관,미분류,라오스 농림부,외국기관,,미분류,
외국기관,미분류,라오스 농업 및 개발부,외국기관,,미분류,
외국기관,해외,러시아(재정사업),외국기관,,미분류,
외국기관,해외,레소토,외국기관,,미분류,
외국기관,해외,르완다 교통개발청,외국기관,RTDA,미분류,
외국기관,해외,르완다 상하수도국(WASAC),외국기관,,미분류,
외국기관,해외,르완다 수자원국(Rwanda Water Resources Board),외국기관,,미분류,
외국기관,미분류,르완다 LWH,외국기관,,미분류,
중앙행정기관(해양수산부),경남,마산지방해양수산청,마산지방해양수산청,,조달청(해양수산부산하기관),
외국기관,미분류,말라위 도로국,외국기관,,미분류,
외국기관,미분류,말라위 수자원개발 및 관개부,외국기관,,미분류,
외국기관,미분류,말라위 에너지국,외국기관,,미분류,
외국기관,해외,말레이시아,외국기관,,미분류,
외국기관,해외,말레이시아 쿠알라룸푸르시,외국기관,,미분류,
외국기관,해외,모잠비크 국립도로청,외국기관,,미분류,
외국기관,해외,모잠비크 농업연구원,외국기관,,미분류,
외국기관,미분류,모잠비크 도로국,외국기관,,미분류,
외국기관,미분류,모잠비크 인프라 및 상하수도부,외국기관,,미분류,
외국기관,해외,모잠비크 재경성,외국기관,,미분류,
지방자치단체(시),전남,목포시 환경수도사업단,목포시,,행정안전부(지방자치단체),
지방자치단체(시),전남,목포시지방공기업하수도사업회계,지자체기타,,행정안전부(지방자치단체),
중앙행정기관(해양수산부),전남,목포지방해양항만청,해양수산부기타,,조달청(해양수산부산하기관),
외국기관,미분류,몽골 도로교통부,외국기관,,미분류,
외국기관,미분류,몽골 울란바토르시,외국기관,,미분류,
지방자치단체(군),전남,무안군 상하수도사업소,무안군,,행정안전부(지방자치단체),
지방자치단체(시),경기,문화도시사업단,지자체기타,,행정안전부(지방자치단체),
외국기관,해외,미8군계약사령부(USACCK),외국기관,,미분류,
중앙행정기관(국방부),서울,미군계약지원단,국방부,,국방부,
외국기관,해외,미극동공병단(FED),외국기관,,미분류,Far East District
외국기관,해외,"미극동해군시설단(NAVFAC Far East, FEAD)",외국기관,,미분류,
외국기관,미분류,미얀마 건설부,외국기관,,미분류,
외국기관,해외,방글라교량청(재정),외국기관,,미분류,
외국기관,해외,방글라데시,외국기관,,미분류,
외국기관,해외,방글라데시 교량청,외국기관,,미분류,
외국기관,미분류,방글라데시 다카 상하수도국,외국기관,,미분류,
외국기관,미분류,방글라데시 수자원부,외국기관,,미분류,
외국기관,미분류,방글라데시 정부,외국기관,,미분류,
외국기관,미분류,방글라데시 치타공 상하수도국,외국기관,,미분류,
외국기관,해외,방글라데시 카나플리 드라이독주식회사(KDDL),외국기관,,미분류,
외국기관,미분류,방글라데시 CWASA,외국기관,,미분류,
외국기관,미분류,방글라데시 DWASA,외국기관,,미분류,
외국기관,해외,방글라데시 LGED,외국기관,,미분류,
외국기관,해외,방글라데시지사,외국기관,,미분류,
중앙행정기관(국방부),서울,방위사업청,국방부,,국방부,
중앙행정기관(기타),경기,법무부,중앙기타,,조달청(해양수산부산하기관),
외국기관,미분류,베트남 교통부,외국기관,,미분류,
외국기관,해외,베트남 농무성 중앙사업소,외국기관,,미분류,
외국기관,미분류,베트남 농업 및 개발부,외국기관,,미분류,
외국기관,미분류,베트남 닌빈시 PMU,외국기관,,미분류,
외국기관,해외,"베트남 도로부(PID1, PMU3)",외국기관,,미분류,
외국기관,해외,베트남 자연자원환경부 사업관리단,외국기관,"(PMU,MoNRE)",미분류,
외국기관,해외,베트남 푸미빈 건설투자공사,외국기관,,미분류,
외국기관,미분류,베트남 하이퐁시 PMU,외국기관,,미분류,
외국기관,해외,베트남 호아빈성,외국기관,,,
외국기관,미분류,베트남 Binh Phuoc 상하수도공사,외국기관,,미분류,
외국기관,미분류,베트남 Da Nang 인프라투자 PMU,외국기관,,미분류,
외국기관,미분류,베트남 HCMCES2 PMU,외국기관,,미분류,
외국기관,미분류,베트남 LAWACO PMU,외국기관,,미분류,
외국기관,미분류,베트남 Phu Ly 도시개발 PMU,외국기관,,미분류,
외국기관,미분류,베트남 Quang Tri PMU,외국기관,,미분류,
외국기관,미분류,베트남 Thai Nguyen PMU,외국기관,,미분류,
외국기관,미분류,베트남 Vinh시 PMU,외국기관,,미분류,
외국기관,해외,베트남농업성,외국기관,,미분류,
지방자치단체(시),충남,보령시해수욕장 경영사업소,지자체기타,,행정안전부(지방자치단체),
외국기관,해외,보스니아,외국기관,,미분류,
지방자치단체(군),충북,보은군 상하수도사업소,보은군,,행정안전부(지방자치단체),
지방자치단체(군),경북,봉화군농업기술센터,봉화군,,행정안전부(지방자치단체),
지방자치단체(광역시),부산,"부산,진해경제자유구역청",지자체기타,,행정안전부(지방자치단체),
정부투자기관(공사),미분류,부산경륜공단,지자체기타,,조달청(해양수산부산하기관),
지방자치단체(광역시),부산,부산광역시,부산광역시,,행정안전부(지방자치단체),
지방자치단체(광역시),부산,부산광역시 강서구,부산광역시 강서구,,행정안전부(지방자치단체),
지방자치단체(광역시),부산,부산광역시 건설본부,부산광역시,,행정안전부(지방자치단체),
지방자치단체(군),부산,부산광역시 금정구,부산광역시,,행정안전부(지방자치단체),
지방자치단체(군),부산,부산광역시 기장군,부산광역시 기장군,,행정안전부(지방자치단체),
지방자치단체(시),부산,부산광역시 낙동강관리본부,,,행정안전부(지방자치단체),
지방자치단체(광역시),부산,부산광역시 낙동강환경조성사업단,부산광역시,,행정안전부(지방자치단체),
지방자치단체(광역시),부산,부산광역시 남구,부산광역시 남구,,행정안전부(지방자치단체),
지방자치단체(광역시),부산,부산광역시 동구,부산광역시 동구,,행정안전부(지방자치단체),
지방자치단체(광역시),부산,부산광역시 동래구,부산광역시 동래구,,행정안전부(지방자치단체),
지방자치단체(시),부산,부산광역시 부산진구,부산광역시 부산진구,,행정안전부(지방자치단체),
지방자치단체(광역시),부산,부산광역시 북구,부산광역시 북구,,행정안전부(지방자치단체),
지방자치단체(광역시),부산,부산광역시 사상구,부산광역시 사상구,,행정안전부(지방자치단체),
지방자치단체(광역시),부산,부산광역시 사하구,부산광역시 사하구,,행정안전부(지방자치단체),
지방자치단체(광역시),부산,부산광역시 상수도사업본부,부산광역시,,행정안전부(지방자치단체),
지방자치단체(광역시),부산,부산광역시 상수도사업본부 시설관리사업소,부산광역시,,행정안전부(지방자치단체),
지방자치단체(광역시),부산,부산광역시 서구,부산광역시 서구,,행정안전부(지방자치단체),
지방자치단체(광역시),부산,부산광역시 수영구,부산광역시,,행정안전부(지방자치단체),
지방자치단체(광역시),부산,부산광역시 연제구,부산광역시 연제구,,행정안전부(지방자치단체),
지방자치단체(군),부산,부산광역시 영도구,부산광역시 영도구,,행정안전부(지방자치단체),
지방자치단체(광역시),부산,부산광역시 중구,부산광역시 중구,,행정안전부(지방자치단체),
지방자치단체(시),부산,부산광역시 해운대구,부산광역시 해운대구,,행정안전부(지방자치단체),
정부투자기관(기타),부산,부산교통공단,공사기타,,행정안전부(지방자치단체),
지방자치단체(광역시),부산,부산교통공사,지자체기타,,행정안전부(지방자치단체),
지방자치단체(광역시),부산,부산도시공사,지자체기타,,행정안전부(지방자치단체),
지방자치단체(광역시),부산,부산시광역시 수영구,지자체기타,,행정안전부(지방자치단체),
정부투자기관(기타),미분류,부산지방공단 스포원,공사기타,,행정안전부(지방자치단체),
중앙행정기관(국토교통부),부산,부산지방국토관리청,부산지방국토관리청,,국토교통부(지방국토관리청/국토부예하기관),
중앙행정기관(국토교통부),부산,부산지방국토관리청 김해국토관리사무소,부산지방국토관리청,,국토교통부(지방국토관리청/국토부예하기관),
중앙행정기관(국토교통부),부산,부산지방국토관리청 대구국토관리사무소,부산지방국토관리청,,국토교통부(지방국토관리청/국토부예하기관),
중앙행정기관(국토교통부),부산,부산지방국토관리청 영주국토관리사무소,부산지방국토관리청,,국토교통부(지방국토관리청/국토부예하기관),
중앙행정기관(국토교통부),부산,부산지방국토관리청 영주국토유지건설사무소,부산지방국토관리청,,국토교통부(지방국토관리청/국토부예하기관),
중앙행정기관(국토교통부),부산,부산지방국토관리청 진주국토관리사무소,부산지방국토관리청,,국토교통부(지방국토관리청/국토부예하기관),
중앙행정기관(국토교통부),경남,부산지방국토관리청 포항국토관리사무소,부산지방국토관리청,,국토교통부(지방국토관리청/국토부예하기관),
중앙행정기관(철도청),부산,부산지방철도청,한국철도공사,,한국철도공사,
중앙행정기관(해양수산부),부산,부산지방해양수산청,부산지방해양수산청,,조달청(해양수산부산하기관),
중앙행정기관(해양수산부),부산,부산지방해양수산청 부산항건설사무소,부산지방해양수산청,,조달청(해양수산부산하기관),
중앙행정기관(해양수산부),제주,부산지방해양항만청 제주해양관리단,해양수산부기타,,조달청(해양수산부산하기관),
정부투자기관(공사),부산,부산컨테이너 부두운영공사,공사기타,,미분류,
중앙행정기관(해양수산부),부산,부산항만공사,공사기타,,조달청(해양수산부산하기관),
정부투자기관(기타),부산,부산환경공단,한국환경공단,,한국전력공사(발전자회사),
중앙행정기관(기타),부산,부산환경공단 명지사업소,한국환경공단,,한국전력공사(발전자회사),
정부투자기관(기타),부산,부산환경공단 에너지사업단,한국환경공단,,한국전력공사(발전자회사),
정부투자기관(기타),부산,부산환경공단 집단에너지사업소,한국환경공단,,한국전력공사(발전자회사),
정부투자기관(기타),부산,부산환경공단 하수자원사업단,한국환경공단,,한국전력공사(발전자회사),
지방자치단체(군),충남,부여군 상하수도 사업소,부여군,,행정안전부(지방자치단체),
지방자치단체(시),인천,부천도시공사,지자체기타,,행정안전부(지방자치단체),
외국기관,미분류,불가리아 지역개발 및 공공사업부,외국기관,,미분류,
외국기관,미분류,사모아 공항국,외국기관,,미분류,
외국기관,미분류,사모아 국토교통국,외국기관,,미분류,
외국기관,미분류,산도도밍고시,외국기관,,미분류,
정부투자기관(기타),서울,산림조합중앙회,공사기타,,조달청(해양수산부산하기관),
중앙행정기관(기타),대전,산림청,중앙기타,,조달청(해양수산부산하기관),
중앙행정기관(기타),전북,산림청 서부지방산림청,중앙기타,,조달청(해양수산부산하기관),
중앙행정기관(기타),충북,산림청 중부지방산림청 단양국유림관리소,중앙기타,,조달청(해양수산부산하기관),
정부투자기관(기타),세종,산업연구원,공사기타,,미분류,
중앙행정기관(기타),충북,산업통상자원부,중앙기타,,조달청(해양수산부산하기관),
지방자치단체(군),경남,산청군상하수도사업소,지자체기타,,행정안전부(지방자치단체),
지방자치단체(시),강원,삼척시 지역개발사업단,삼척시,,행정안전부(지방자치단체),
중앙행정기관(국방부),서울,상무대 근무지원단,국방부,,국방부,
지방자치단체(시),경북,상주시 상하수도사업소,상주시,,행정안전부(지방자치단체),
지방자치단체(시),경북,상주시 하수도사업소,상주시,,행정안전부(지방자치단체),
중앙행정기관(기타),전북,새만금개발공사,공사기타,,조달청(해양수산부산하기관),
중앙행정기관(기타),전북,새만금개발청,중앙기타,,국토교통부(지방국토관리청/국토부예하기관),
지방자치단체(도),전북,새만금군산경제자유구역청,지자체기타,,행정안전부(지방자치단체),
지방자치단체(시),서울,서부수도사업소,서울특별시,,행정안전부(지방자치단체),
정부투자기관(공사),서울,서울교통공사,지자체기타,,행정안전부(지방자치단체),
지방자치단체(광역시),서울,서울메트로,지자체기타,,행정안전부(지방자치단체),
지방자치단체(시),서울,서울물재생시설공단,지자체기타,,행정안전부(지방자치단체),
지방자치단체(광역시),서울,서울시 균형발전본부,지자체기타,,행정안전부(지방자치단체),
지방자치단체(광역시),서울,서울시 물관리국,지자체기타,,행정안전부(지방자치단체),
지방자치단체(광역시),서울,서울시립대학교,지자체기타,,미분류,
지방자치단체(시),서울,서울시설공단,지자체기타,,행정안전부(지방자치단체),
지방자치단체(광역시),서울,서울에너지공사,지자체기타,,행정안전부(지방자치단체),
정부투자기관(공사),서울,서울올림픽기념 국민체육진흥공단,공사기타,,조달청(해양수산부산하기관),
지방자치단체(광역시),서울,서울위생치과병원,지자체기타,,미분류,
지방자치단체(광역시),서울,서울주택도시개발공사,지자체기타,,행정안전부(지방자치단체),
중앙행정기관(국토교통부),서울,서울지방국토관리청,서울지방국토관리청,,국토교통부(지방국토관리청/국토부예하기관),
중앙행정기관(국토교통부),서울,서울지방국토관리청 수원국토관리사무소,서울지방국토관리청,,국토교통부(지방국토관리청/국토부예하기관),
중앙행정기관(국토교통부),서울,서울지방국토관리청 의정부국토관리사무소,서울지방국토관리청,,국토교통부(지방국토관리청/국토부예하기관),
지방자치단체(광역시),서울,서울특별시,서울특별시,,행정안전부(지방자치단체),
지방자치단체(광역시),서울,서울특별시 강남구,서울특별시 강남구,,행정안전부(지방자치단체),
지방자치단체(광역시),서울,서울특별시 강동구,서울특별시 강동구,,행정안전부(지방자치단체),
지방자치단체(광역시),서울,서울특별시 강북구,서울특별시 강북구,,행정안전부(지방자치단체),
지방자치단체(광역시),서울,서울특별시 강서구청,서울특별시,,행정안전부(지방자치단체),
지방자치단체(광역시),서울,서울특별시 강서도로사업소,서울특별시,,행정안전부(지방자치단체),
지방자치단체(광역시),서울,서울특별시 건설안전본부,서울특별시,,행정안전부(지방자치단체),
지방자치단체(광역시),서울,서울특별시 공원녹지관리사업소,서울특별시,,행정안전부(지방자치단체),
지방자치단체(광역시),서울,서울특별시 관악구청,서울특별시,,행정안전부(지방자치단체),
지방자치단체(광역시),서울,서울특별시 광진구,서울특별시 광진구,,행정안전부(지방자치단체),
지방자치단체(광역시),서울,서울특별시 교육청,서울특별시,,행정안전부(지방자치단체),
지방자치단체(시),서울,서울특별시 구로구청,서울특별시,,행정안전부(지방자치단체),
지방자치단체(광역시),서울,서울특별시 금천구,서울특별시 금천구,,행정안전부(지방자치단체),
지방자치단체(광역시),서울,서울특별시 남부도로사업소,서울특별시,,행정안전부(지방자치단체),
지방자치단체(광역시),서울,서울특별시 노원구,서울특별시 노원구,,행정안전부(지방자치단체),
지방자치단체(광역시),서울,서울특별시 도로계획과,서울특별시,,행정안전부(지방자치단체),
지방자치단체(광역시),서울,서울특별시 도봉구,서울특별시 도봉구,,행정안전부(지방자치단체),
지방자치단체(광역시),서울,서울특별시 도시개발공사,서울특별시,,행정안전부(지방자치단체),
지방자치단체(광역시),서울,서울특별시 도시기반시설본부,서울특별시,,행정안전부(지방자치단체),
지방자치단체(광역시),서울,서울특별시 도시안전본부,서울특별시,,행정안전부(지방자치단체),
지방자치단체(광역시),서울,서울특별시 도시안전실,서울특별시,,행정안전부(지방자치단체),
지방자치단체(광역시),서울,서울특별시 도시철도건설본부,서울특별시,,행정안전부(지방자치단체),
지방자치단체(광역시),서울,서울특별시 도시철도공사,서울특별시,,행정안전부(지방자치단체),
지방자치단체(시),서울,서울특별시 동대문구,서울특별시 동대문구,,행정안전부(지방자치단체),
지방자치단체(광역시),서울,서울특별시 동부도로사업소,서울특별시,,행정안전부(지방자치단체),
지방자치단체(광역시),서울,서울특별시 동작구,서울특별시 동작구,,행정안전부(지방자치단체),
지방자치단체(시),서울,서울특별시 마포구청,서울특별시,,행정안전부(지방자치단체),
지방자치단체(시),서울,서울특별시 마포자원회수시설,서울특별시,,행정안전부(지방자치단체),
지방자치단체(광역시),서울,서울특별시 물재생센터 중랑물재생센터,서울특별시,,행정안전부(지방자치단체),
지방자치단체(광역시),서울,서울특별시 미래한강본부,서울특별시,,행정안전부(지방자치단체),한강관리사업소 - 한강사업본부 변경
지방자치단체(광역시),서울,서울특별시 상수도사업본부 구의정수사업소,서울특별시,,행정안전부(지방자치단체),
지방자치단체(광역시),서울,서울특별시 상수도사업본부 뚝도정수사업소,서울특별시,,행정안전부(지방자치단체),
지방자치단체(광역시),서울,서울특별시 상수도연구원,서울특별시,,행정안전부(지방자치단체),
지방자치단체(광역시),서울,서울특별시 서대문구,서울특별시 서대문구,,행정안전부(지방자치단체),
지방자치단체(광역시),서울,서울특별시 서부도로사업소,서울특별시,,행정안전부(지방자치단체),
지방자치단체(시),서울,서울특별시 서울대공원,서울특별시,,행정안전부(지방자치단체),
지방자치단체(광역시),서울,서울특별시 서울아리수본부,서울특별시,,행정안전부(지방자치단체),
지방자치단체(시),서울,서울특별시 서초구,서울특별시 서초구,,행정안전부(지방자치단체),
지방자치단체(광역시),서울,서울특별시 성동구,서울특별시 성동구,,행정안전부(지방자치단체),
지방자치단체(광역시),서울,서울특별시 성북구,서울특별시 성북구,,행정안전부(지방자치단체),
지방자치단체(광역시),서울,서울특별시 송파구,서울특별시 송파구,,행정안전부(지방자치단체),
지방자치단체(광역시),서울,서울특별시 시정개발연구원,서울특별시,,행정안전부(지방자치단체),
지방자치단체(광역시),서울,서울특별시 심사담당관실,서울특별시,,행정안전부(지방자치단체),
지방자치단체(광역시),서울,서울특별시 양천구,서울특별시 양천구,,행정안전부(지방자치단체),
지방자치단체(광역시),서울,서울특별시 영등포구,서울특별시 영등포구,,행정안전부(지방자치단체),
지방자치단체(광역시),서울,서울특별시 용산구,서울특별시 용산구,,행정안전부(지방자치단체),
지방자치단체(광역시),서울,서울특별시 은평구,서울특별시 은평구,,행정안전부(지방자치단체),
지방자치단체(광역시),서울,서울특별시 종로구,서울특별시,,행정안전부(지방자치단체),
지방자치단체(광역시),서울,서울특별시 중구,서울특별시,,행정안전부(지방자치단체),
지방자치단체(광역시),서울,서울특별시 중랑구,서울특별시 중랑구,,행정안전부(지방자치단체),
지방자치단체(광역시),서울,서울특별시 중랑하수처리사업소,서울특별시,,행정안전부(지방자치단체),
지방자치단체(광역시),서울,서울특별시 지하철건설본부,서울특별시,,행정안전부(지방자치단체),
지방자치단체(광역시),서울,서울특별시 지하철공사,서울특별시,,행정안전부(지방자치단체),
지방자치단체(광역시),서울,서울특별시 지하철공사,서울특별시,,행정안전부(지방자치단체),
지방자치단체(광역시),서울,서울특별시 한강공원관리사무소,서울특별시,,행정안전부(지방자치단체),
지방자치단체(광역시),서울,서울특별시 한강시민공원사업소,서울특별시,,행정안전부(지방자치단체),
지방자치단체(광역시),서울,서울특별시도시철도공사,지자체기타,,행정안전부(지방자치단체),
지방자치단체(시),경기,성남도시개발공사,지자체기타,,행정안전부(지방자치단체),
지방자치단체(시),경기,성남시 맑은물관리사업소,성남시,,행정안전부(지방자치단체),
지방자치단체(시),경기,성남시 맑은물관리사업소 물순환과,성남시,,행정안전부(지방자치단체),
지방자치단체(시),경기,성남시 푸른도시사업소,성남시,,행정안전부(지방자치단체),
지방자치단체(군),경북,성주군 체육시설사업소,성주군,,행정안전부(지방자치단체),
외국기관,해외,세네갈,외국기관,,미분류,
지방자치단체(시),충북,세종첨단산업단지주식회사,지자체기타,,행정안전부(지방자치단체),
지방자치단체(시),충남,세종특별자치시,지자체기타,,행정안전부(지방자치단체),
지방자치단체(시),충남,세종특별자치시 상하수도사업소,지자체기타,,행정안전부(지방자치단체),
중앙행정기관(기타),서울,소방방재청,중앙기타,,조달청(해양수산부산하기관),
외국기관,해외,수단 상하수도청,외국기관,,미분류,
외국기관,미분류,수단 Khartoum 신공항사업국,외국기관,,미분류,
외국기관,해외,수단공항공사,외국기관,,미분류,
중앙행정기관(기타),서울,수도군단,국방부,,,
지방자치단체(시),서울,수도권교통본부,지자체기타,,행정안전부(지방자치단체),
정부투자기관(공사),인천,수도권매립지 운영관리조합,공사기타,,조달청(해양수산부산하기관),
정부투자기관(공사),인천,수도권매립지관리공사,공사기타,,조달청(해양수산부산하기관),
지방자치단체(군),경북,수소국가산업추진단,울진군,,행정안전부(지방자치단체),
정부투자기관(공사),경기,수원도시공사,지자체기타,,행정안전부(지방자치단체),
지방자치단체(시),경기,수원시 하수도사업관리자,수원시,,행정안전부(지방자치단체),
지방자치단체(시),경기,수원시상수도사업소,지자체기타,,행정안전부(지방자치단체),
정부투자기관(공사),해외,수출입은행(아시아국),공사기타,,미분류,
정부투자기관(기타),해외,수출입은행(아프리카국),공사기타,,미분류,
지방자치단체(시),전남,순천시 맑은물관리센터,순천시,,행정안전부(지방자치단체),
지방자치단체(시),전남,순천시 생태환경센터,순천시,,행정안전부(지방자치단체),
지방자치단체(시),전남,순천시농업기술센터,지자체기타,,행정안전부(지방자치단체),
외국기관,해외,스리랑카,외국기관,,미분류,
외국기관,미분류,스리랑카 고속도로국,외국기관,,미분류,
외국기관,해외,스리랑카 관개부,외국기관,,미분류,
외국기관,해외,스리랑카 국방도시개발부,외국기관,,미분류,
외국기관,미분류,스리랑카 도로개발국,외국기관,,미분류,
외국기관,미분류,스리랑카 도시개발부,외국기관,,미분류,
외국기관,해외,스리랑카 상하수도 위원회,외국기관,,미분류,
외국기관,미분류,스리랑카 상하수도공사,외국기관,,미분류,
외국기관,해외,스리랑카 전력에너지부,외국기관,,미분류,
외국기관,미분류,스리랑카 항만 및 고속도로부,외국기관,,미분류,
정부투자기관(기타),경기,시설안전관리공단,공사기타,,조달청(해양수산부산하기관),
정부투자기관(기타),경기,시설안전기술공단,공사기타,,조달청(해양수산부산하기관),
외국기관,미분류,시에라리온 도로국,외국기관,,미분류,
지방자치단체(시),경기,시흥도시공사,시흥시,,행정안전부(지방자치단체),
지방자치단체(시),경기,시흥시 미래도시개발사업단,시흥시,,행정안전부(지방자치단체),
지방자치단체(시),경기,시흥시농업기술센터,지자체기타,,미분류,
지방자치단체(시),경기,시흥시보건소,지자체기타,,행정안전부(지방자치단체),
지방자치단체(군),전남,신안군 도시개발사업소,신안군,,행정안전부(지방자치단체),
지방자치단체(군),전남,신안군 상하수도사업소,신안군,,행정안전부(지방자치단체),
정부투자기관(기타),대전,신용보증재단중앙회,공사기타,,국토교통부(지방국토관리청/국토부예하기관),
지방자치단체(시),경기,신한고등학교,지자체기타,,행정안전부(지방자치단체),
외국기관,미분류,아제르바이잔 교통부,외국기관,,미분류,
외국기관,해외,아제르바이잔 수자원공사,외국기관,,미분류,
외국기관,해외,아프가니스탄 공공사업부,외국기관,,미분류,
외국기관,해외,아프리카개발은행(AFDB),외국기관,,미분류,
지방자치단체(시),경기,안산도시공사,지자체기타,,행정안전부(지방자치단체),
지방자치단체(시),경기,안산시 대부해양본부,안산시,,행정안전부(지방자치단체),
지방자치단체(시),경기,안산시 문화체육관광본부,안산시,,행정안전부(지방자치단체),
지방자치단체(시),경기,안양도시공사,지자체기타,,행정안전부(지방자치단체),
외국기관,해외,알제리,외국기관,,미분류,
외국기관,해외,알제리 교통부 알제지하철공사(EMA),외국기관,,미분류,
외국기관,해외,알제리 국립 하수청,외국기관,,미분류,
외국기관,해외,알제리 국토개발 환경관광부,외국기관,,미분류,
외국기관,해외,알제리 불리다주 공공사업국,외국기관,,미분류,
외국기관,해외,알제리 오랑주 공공사업국,외국기관,,미분류,
외국기관,해외,알제리 Setif주 공공사업국,외국기관,,미분류,
외국기관,해외,알제리 Telmcen주 공공사업국,외국기관,,미분류,
외국기관,해외,앙골라,외국기관,,미분류,
외국기관,해외,앙골라 소낭골,외국기관,,미분류,
외국기관,해외,앙골라 환경성,외국기관,,미분류,
지방자치단체(시),경남,양산시 상하수도사업소,양산시,,행정안전부(지방자치단체),
지방자치단체(시),경기,양주시 도시환경사업소,양주시,,행정안전부(지방자치단체),
지방자치단체(시),경기,양주시 하수도사업공기업,양주시,,행정안전부(지방자치단체),
지방자치단체(시),서울,양천자원회수시설,지자체기타,,행정안전부(지방자치단체),
외국기관,미분류,에디오피아 도로국,외국기관,,미분류,
외국기관,미분류,에디오피아 정부,외국기관,,미분류,
외국기관,미분류,에디오피아 Dire Dawa 상하수도국,외국기관,,미분류,
외국기관,미분류,에콰도르 산토도밍고시 정부,외국기관,,미분류,
외국기관,해외,에티오피아 도로청(ERA),외국기관,ERA,미분류,
외국기관,해외,에티오피아 수자원 관개에너지부,외국기관,,미분류,
정부투자기관(기타),서울,엔지니어링공제조합,중앙기타,,미분류,
정부투자기관(공사),전남,여수광양항만공사,공사기타,,조달청(해양수산부산하기관),
정부투자기관(기타),전남,여수세계박람회조직위원회,공사기타,,미분류,
지방자치단체(시),전남,여수시 상하수도사업단 하수도과,여수시,,행정안전부(지방자치단체),
지방자치단체(시),전남,여수시도시관리공단,지자체기타,,행정안전부(지방자치단체),
중앙행정기관(해양수산부),전남,여수지방해양수산청,여수지방해양수산청,,조달청(해양수산부산하기관),
지방자치단체(시),미분류,여주시,여주시,,행정안전부(지방자치단체),
지방자치단체(군),경북,영덕군 물관리사업소,영덕군,,행정안전부(지방자치단체),
지방자치단체(군),전남,영암군 수도사업소,지자체기타,,행정안전부(지방자치단체),
지방자치단체(시),경북,영주시 공기업수도사업특별회계,영주시,,행정안전부(지방자치단체),
중앙행정기관(철도청),경북,영주지방철도청,한국철도공사,,한국철도공사,
외국기관,해외,예멘 공공사업도로부,외국기관,,미분류,
외국기관,미분류,예멘 공공사업부,외국기관,,미분류,
외국기관,해외,예멘정부,외국기관,,미분류,
지방자치단체(군),경북,예천군 맑은물사업소,예천군,,행정안전부(지방자치단체),
외국기관,해외,오리엔탈,외국기관,,,
외국기관,해외,오만정부,외국기관,,미분류,
지방자치단체(시),경기,오산시 환경사업소,지자체기타,,행정안전부(지방자치단체),
외국기관,미분류,온두라스 바예주,외국기관,,미분류,
지방자치단체(군),전북,완주군상하수도사업소,지자체기타,,행정안전부(지방자치단체),
외국기관,해외,요르단 수도청(WAJ),외국기관,,미분류,
중앙행정기관(기타),경기,용인 세무서,중앙기타,,미분류,
지방자치단체(시),경기,용인도시공사,지자체기타,,행정안전부(지방자치단체),사명변경 용인지방공사-->용인도시공사
지방자치단체(시),경기,용인시 상수도사업소,용인시,,행정안전부(지방자치단체),
지방자치단체(시),경기,용인시 푸른공원사업소,용인시,,행정안전부(지방자치단체),
외국기관,해외,우간다 상하수도공사,외국기관,,미분류,
외국기관,미분류,우간다 Kampala시,외국기관,,미분류,
중앙행정기관(기타),서울,우정사업본부(정보통신부 조달사무소),중앙기타,,조달청(해양수산부산하기관),
외국기관,해외,우즈베키스탄,외국기관,,미분류,
외국기관,미분류,우즈베키스탄 농업 수자원부,외국기관,,미분류,
외국기관,해외,울란바토르 시청(Municipality of Ulaanbaatar),외국기관,,미분류,
지방자치단체(군),경북,울릉군 상하수도사업소,울릉군,,행정안전부(지방자치단체),
지방자치단체(광역시),울산,울산광역시,울산광역시,,행정안전부(지방자치단체),
지방자치단체(광역시),울산,울산광역시 남구,울산광역시 남구,,행정안전부(지방자치단체),
지방자치단체(광역시),울산,울산광역시 도시공사,울산광역시,,행정안전부(지방자치단체),
지방자치단체(광역시),울산,울산광역시 동구,울산광역시 동구,,행정안전부(지방자치단체),
지방자치단체(광역시),울산,울산광역시 북구,울산광역시 북구,,행정안전부(지방자치단체),
지방자치단체(광역시),울산,울산광역시 상수도사업본부,울산광역시,,행정안전부(지방자치단체),
지방자치단체(시),울산,울산광역시 상수도사업본부 시설관리사업소,울산광역시,,행정안전부(지방자치단체),
지방자치단체(군),울산,울산광역시 울주군,울산광역시 울주군,,행정안전부(지방자치단체),
지방자치단체(광역시),울산,울산광역시 종합건설본부,울산광역시,,행정안전부(지방자치단체),
지방자치단체(광역시),울산,울산광역시 중구,울산광역시 중구,,행정안전부(지방자치단체),
중앙행정기관(기타),경남,울산광역시 지방경찰청,울산광역시,,조달청(해양수산부산하기관),
정부투자기관(공사),울산,울산도시공사,공사기타,,행정안전부(지방자치단체),
정부투자기관(공사),울산,울산항만공사,공사기타,,조달청(해양수산부산하기관),
지방자치단체(시),강원,원주시 도시개발사업본부,원주시,,행정안전부(지방자치단체),
지방자치단체(시),강원,원주시 상하수도사업소,원주시,,행정안전부(지방자치단체),
중앙행정기관(국토교통부),강원,원주지방국토관리청,원주지방국토관리청,,국토교통부(지방국토관리청/국토부예하기관),
중앙행정기관(국토교통부),강원,원주지방국토관리청 강릉국토관리사무소,원주지방국토관리청,,국토교통부(지방국토관리청/국토부예하기관),
중앙행정기관(국토교통부),강원,원주지방국토관리청 정선국토관리사무소,원주지방국토관리청,,국토교통부(지방국토관리청/국토부예하기관),
중앙행정기관(국토교통부),강원,원주지방국토관리청 홍천국토관리사무소,원주지방국토관리청,,국토교통부(지방국토관리청/국토부예하기관),
외국기관,서울,월트디즈니컴패니코리아(주),외국기관,,미분류,
외국기관,해외,유미코아(Umicore) 그룹,외국기관,,미분류,
중앙행정기관(국방부),서울,육군 사관학교,국방부,,국방부,
중앙행정기관(국방부),서울,육군 수도방위사령부,국방부,,국방부,
중앙행정기관(국방부),서울,육군 제1017부대,국방부,,국방부,
중앙행정기관(국방부),서울,육군 제1596부대,국방부,,국방부,
중앙행정기관(국방부),,육군 제1군단,국방부,,,
중앙행정기관(국방부),강원,육군 제5897부대,국방부,,국방부,
중앙행정기관(국방부),대구,육군 제6619부대,국방부,,국방부,
중앙행정기관(국방부),서울,육군 제6950부대,국방부,,국방부,
중앙행정기관(국방부),서울,육군 제7135부대,국방부,,국방부,
중앙행정기관(국방부),경기,육군 제7821부대(3군사령부),국방부,,국방부,
중앙행정기관(국방부),서울,육군 제8971부대,국방부,,국방부,
중앙행정기관(국방부),,육군 제9251부대,국방부,,,
중앙행정기관(국방부),서울,육군 훈련소,국방부,,국방부,
중앙행정기관(철도청),기타,육군2162부대 재무관,국방부,,국방부,
중앙행정기관(국방부),기타,육군2218부대 재무관,국방부,,국방부,
중앙행정기관(국방부),,육군5군단사령부,국방부,,국방부,
중앙행정기관(국방부),서울,육군경기제1지구,국방부,,국방부,
중앙행정기관(국방부),대전,육군교육사령부,국방부,,국방부,
중앙행정기관(국방부),대전,육군군수사령부,국방부,,국방부,
중앙행정기관(국방부),강원,육군본부 1군사령부,국방부,,국방부,
중앙행정기관(국방부),서울,육군본부지출관,국방부,,국방부,
중앙행정기관(국방부),서울,육군제1570부대,국방부,,국방부,
중앙행정기관(국방부),기타,육군제2307부대 재무관,국방부,,국방부,
중앙행정기관(국방부),서울,육군제5019부대,국방부,,국방부,
중앙행정기관(국방부),서울,육군제6619부대 재무관,국방부,,국방부,
중앙행정기관(국방부),서울,육군제7273부대,국방부,,국방부,
중앙행정기관(국방부),기타,육군제7856부대,국방부,,국방부,
중앙행정기관(국방부),서울,육군제9181부대,국방부,,국방부,
중앙행정기관(국방부),서울,육군중앙경리단,국방부,,국방부,
지방자치단체(군),경남,의령군친환경골프장관리사업소,지자체기타,,행정안전부(지방자치단체),
지방자치단체(군),경북,의성군지방공기업 상수도사업,지자체기타,,행정안전부(지방자치단체),
지방자치단체(시),경기,의왕시 도시주택국 상하수과,의왕시,,행정안전부(지방자치단체),
지방자치단체(시),경기,의정부도시공사,지자체기타,,행정안전부(지방자치단체),
지방자치단체(시),경기,의정부시 맑은물사업소,의정부시,,행정안전부(지방자치단체),
중앙행정기관(국토교통부),전북,익산지방국토관리청,익산지방국토관리청,,국토교통부(지방국토관리청/국토부예하기관),
중앙행정기관(국토교통부),전북,익산지방국토관리청 광주국토관리사무소,익산지방국토관리청,,국토교통부(지방국토관리청/국토부예하기관),
중앙행정기관(국토교통부),전북,익산지방국토관리청 남원국토관리사무소,익산지방국토관리청,,국토교통부(지방국토관리청/국토부예하기관),
중앙행정기관(국토교통부),전남,익산지방국토관리청 순천국토관리사무소,익산지방국토관리청,,국토교통부(지방국토관리청/국토부예하기관),
중앙행정기관(국토교통부),전북,익산지방국토관리청 전주국토관리사무소,익산지방국토관리청,,국토교통부(지방국토관리청/국토부예하기관),
외국기관,미분류,인도 공공사업부,외국기관,,미분류,
외국기관,미분류,인도 해군,외국기관,,미분류,
외국기관,미분류,인도네시아 공공사업부,외국기관,,미분류,
외국기관,해외,인도네시아 공공사업부 수자원국,외국기관,,미분류,
외국기관,미분류,인도네시아 교통부,외국기관,,미분류,
외국기관,미분류,인도네시아 교통부 철도청,외국기관,,미분류,
외국기관,미분류,인도네시아 바탐무역청,외국기관,,미분류,
외국기관,미분류,인도네시아 바탐자유무역청,외국기관,,미분류,
외국기관,미분류,인도네시아 수자원부,외국기관,,미분류,
외국기관,미분류,인도네시아 조달위원회,외국기관,,미분류,
외국기관,미분류,인도네시아 PT PLN,외국기관,,미분류,
외국기관,해외,인도네시아(ADB),외국기관,,미분류,
외국기관,미분류,인도정부,외국기관,,미분류,
지방자치단체(군),강원,인제군 상하수도사업소,인제군,,행정안전부(지방자치단체),
정부투자기관(기타),인천,인천공항에너지(주),공사기타,,인천국제공항공사,
지방자치단체(광역시),인천,인천광역시,인천광역시,,행정안전부(지방자치단체),
지방자치단체(광역시),인천,인천광역시 강화군,인천광역시 강화군,,행정안전부(지방자치단체),
지방자치단체(광역시),인천,인천광역시 검단개발사업소,인천광역시,,행정안전부(지방자치단체),
지방자치단체(광역시),인천,인천광역시 경제자유구역청,인천광역시,,행정안전부(지방자치단체),
지방자치단체(광역시),인천,인천광역시 계양구,인천광역시 계양구,,행정안전부(지방자치단체),
지방자치단체(광역시),인천,인천광역시 공영개발사업소,인천광역시,,행정안전부(지방자치단체),
지방자치단체(광역시),인천,인천광역시 관광공사,인천광역시,,행정안전부(지방자치단체),
지방자치단체(광역시),인천,인천광역시 남구청,인천광역시,,행정안전부(지방자치단체),
지방자치단체(광역시),인천,인천광역시 남동구,인천광역시 남동구,,행정안전부(지방자치단체),
지방자치단체(광역시),인천,인천광역시 도시개발공사,인천광역시,,행정안전부(지방자치단체),
지방자치단체(광역시),인천,인천광역시 도시철도건설본부,인천광역시,,행정안전부(지방자치단체),
지방자치단체(광역시),인천,인천광역시 도시철도기획단,인천광역시,,행정안전부(지방자치단체),
지방자치단체(광역시),인천,인천광역시 동구,인천광역시,,행정안전부(지방자치단체),
지방자치단체(시),인천,인천광역시 미추홀구,인천광역시 미추홀구,,행정안전부(지방자치단체),
지방자치단체(군),인천,인천광역시 부평구,인천광역시 부평구,,행정안전부(지방자치단체),
지방자치단체(광역시),인천,인천광역시 상수도사업본부,인천광역시,,행정안전부(지방자치단체),
지방자치단체(시),인천,인천광역시 상수도사업본부 강화수도사업소,인천광역시,,행정안전부(지방자치단체),
지방자치단체(광역시),인천,인천광역시 서구,인천광역시 서구,,행정안전부(지방자치단체),
지방자치단체(광역시),인천,인천광역시 서부공원사업소,인천광역시,,행정안전부(지방자치단체),
지방자치단체(시),인천,인천광역시 연수구,인천광역시 연수구,,행정안전부(지방자치단체),
지방자치단체(군),인천,인천광역시 옹진군,인천광역시 옹진군,,행정안전부(지방자치단체),
지방자치단체(시),인천,인천광역시 종합건설본부,인천광역시,,행정안전부(지방자치단체),
지방자치단체(광역시),인천,인천광역시 중구,인천광역시 중구,,행정안전부(지방자치단체),
지방자치단체(광역시),인천,인천광역시 지하철건설본부,인천광역시,,행정안전부(지방자치단체),
정부투자기관(공사),인천,인천광역시 지하철공사,인천광역시,,행정안전부(지방자치단체),
지방자치단체(광역시),인천,인천광역시 환경국 하수과,인천광역시,,행정안전부(지방자치단체),
지방자치단체(광역시),인천,인천광역시경찰청,지자체기타,,행정안전부(지방자치단체),
정부투자기관(공사),인천,인천교통공사,지자체기타,,행정안전부(지방자치단체),
정부투자기관(공사),인천,인천국제공항공사,공사기타,,인천국제공항공사,
지방자치단체(광역시),인천,인천도시공사,지자체기타,,행정안전부(지방자치단체),
지방자치단체(광역시),인천,인천정보산업진흥원,지자체기타,,미분류,
정부투자기관(기타),인천,인천종합에너지(주),공사기타,,미분류,
정부투자기관(기타),인천,인천지방국세청,중앙기타,,조달청(해양수산부산하기관),
중앙행정기관(해양수산부),인천,인천지방해양수산청,인천지방해양수산청,,조달청(해양수산부산하기관),
중앙행정기관(해양수산부),인천,인천지방해양수산청,인천지방해양수산청,,조달청(해양수산부산하기관),
정부투자기관(공사),인천,인천항만공사,공사기타,,국토교통부(지방국토관리청/국토부예하기관),
정부투자기관(기타),인천,인천화력발전소,공사기타,,한국전력공사(발전자회사),
정부투자기관(기타),인천,인천환경공단,한국환경공단,,행정안전부(지방자치단체),
정부투자기관(기타),인천,인천환경공단 송도사업소,한국환경공단,,행정안전부(지방자치단체),
지방자치단체(시),인천,인천환경녹지국하수과,지자체기타,,행정안전부(지방자치단체),
외국기관,해외,일본국제협력기구,외국기관,,미분류,
외국기관,미분류,자메이카 과학기술 에너지자원부,외국기관,,미분류,
외국기관,해외,잠비아 광물에너지물개발부,외국기관,,미분류,
외국기관,미분류,잠비아 교통부,외국기관,,미분류,
외국기관,미분류,잠비아 도로개발국,외국기관,,미분류,
외국기관,해외,"잠비아 상하수도개발, 하수도 환경보호부",외국기관,,미분류,
지방자치단체(군),전남,장흥군 수도사업소,장흥군,,행정안전부(지방자치단체),
정부투자기관(기타),울산,재단법인 에너지경제연구원,공사기타,,미분류,
정부투자기관(기타),세종,재단법인 축산환경관리원,중앙기타,,조달청(해양수산부산하기관),
지방자치단체(시),전남,전남개발공사,지자체기타,,행정안전부(지방자치단체),
지방자치단체(군),전남,전라남도 강진군,강진군,,행정안전부(지방자치단체),
지방자치단체(군),전남,전라남도 강진군 상하수도사업소,강진군,,행정안전부(지방자치단체),
지방자치단체(군),전남,전라남도 고흥군,고흥군,,행정안전부(지방자치단체),
지방자치단체(군),전남,전라남도 곡성군,곡성군,,행정안전부(지방자치단체),
지방자치단체(군),전남,전라남도 곡성군 상하수도사업소,곡성군,,행정안전부(지방자치단체),
지방자치단체(시),전남,전라남도 광양시,광양시,,행정안전부(지방자치단체),
지방자치단체(군),전남,전라남도 구례군,구례군,,행정안전부(지방자치단체),
지방자치단체(군),전남,전라남도 구례군 상하수도사업소,구례군,,행정안전부(지방자치단체),
지방자치단체(군),전남,전라남도 구례군 환경관리사업소,구례군,,행정안전부(지방자치단체),
지방자치단체(시),전남,전라남도 나주시,나주시,,행정안전부(지방자치단체),
지방자치단체(시),전남,전라남도 나주시 하수도사업소,나주시,,행정안전부(지방자치단체),
지방자치단체(군),전남,전라남도 담양군,담양군,,행정안전부(지방자치단체),
지방자치단체(도),전남,전라남도 도로관리사업소,지자체기타,,행정안전부(지방자치단체),
지방자치단체(도),전남,전라남도 도로안전관리사업소,지자체기타,,행정안전부(지방자치단체),
지방자치단체(도),전남,전라남도 도청이전사업본부,지자체기타,,행정안전부(지방자치단체),
지방자치단체(시),전남,전라남도 목포시,목포시,,행정안전부(지방자치단체),
지방자치단체(시),전남,전라남도 목포시 상수도사업소,목포시,,행정안전부(지방자치단체),
지방자치단체(군),전남,전라남도 무안군,무안군,,행정안전부(지방자치단체),
지방자치단체(군),전남,전라남도 보성군,보성군,,행정안전부(지방자치단체),
지방자치단체(군),전남,전라남도 보성군 상하수도사업소,보성군,,행정안전부(지방자치단체),
지방자치단체(군),전남,전라남도 보성군 시설관리사업소,보성군,,행정안전부(지방자치단체),
지방자치단체(도),전남,전라남도 산림과학연구소,지자체기타,,행정안전부(지방자치단체),
지방자치단체(도),전남,전라남도 산림자원연구소,지자체기타,,행정안전부(지방자치단체),
지방자치단체(시),전남,전라남도 순천시,순천시,,행정안전부(지방자치단체),
지방자치단체(시),전남,전라남도 순천시 국제정원박람회추진단,순천시,,행정안전부(지방자치단체),
지방자치단체(시),전남,전라남도 순천시 평생학습문화지원센터,순천시,,행정안전부(지방자치단체),
지방자치단체(군),전남,전라남도 신안군,신안군,,행정안전부(지방자치단체),
지방자치단체(시),전남,전라남도 여수시,여수시,,행정안전부(지방자치단체),
지방자치단체(시),전남,전라남도 여수시 산단지원개발사업소,여수시,,행정안전부(지방자치단체),
지방자치단체(시),전남,전라남도 여수시 상하수도사업소,여수시,,행정안전부(지방자치단체),
지방자치단체(시),전남,전라남도 여천시,지자체기타,,행정안전부(지방자치단체),
지방자치단체(군),전남,전라남도 영광군,영광군,,행정안전부(지방자치단체),
지방자치단체(군),전남,전라남도 영암군,영암군,,행정안전부(지방자치단체),
지방자치단체(군),전남,전라남도 완도군,완도군,,행정안전부(지방자치단체),
지방자치단체(군),전남,전라남도 장성군,장성군,,행정안전부(지방자치단체),
지방자치단체(군),전남,전라남도 장성군 맑은물관리사업소,장성군,,행정안전부(지방자치단체),
지방자치단체(군),전남,전라남도 장흥군,장흥군,,행정안전부(지방자치단체),
지방자치단체(군),전남,전라남도 진도군,진도군,,행정안전부(지방자치단체),
지방자치단체(군),전남,전라남도 함평군,함평군,,행정안전부(지방자치단체),
지방자치단체(도),전남,전라남도 해남교육청,지자체기타,,행정안전부(지방자치단체),
지방자치단체(군),전남,전라남도 해남군,해남군,,행정안전부(지방자치단체),
지방자치단체(시),전남,전라남도 해남군 상하수도사업소,해남군,,행정안전부(지방자치단체),
지방자치단체(군),전남,전라남도 화순군,화순군,,행정안전부(지방자치단체),
지방자치단체(군),전남,전라남도 화순군 상하수도사업소,화순군,,행정안전부(지방자치단체),
중앙행정기관(기타),전남,전라남도교육청,중앙기타,,조달청(해양수산부산하기관),
지방자치단체(도),전남,전라남도청,전라남도,,행정안전부(지방자치단체),
지방자치단체(도),전북,전라북도 공영개발사업단,지자체기타,,행정안전부(지방자치단체),
지방자치단체(시),전북,전라북도 남원시 수도사업소,남원시,,행정안전부(지방자치단체),
지방자치단체(시),전북,전라북도 남원시 환경사업소,남원시,,행정안전부(지방자치단체),
지방자치단체(도),전북,전라북도 도로관리사업소,지자체기타,,행정안전부(지방자치단체),
지방자치단체(시),전북,전라북도 이리시,지자체기타,,행정안전부(지방자치단체),
중앙행정기관(기타),전북,전라북도 익산교육청,전라북도,,조달청(해양수산부산하기관),
지방자치단체(시),전북,전라북도 전주시 덕진구,전주시,,행정안전부(지방자치단체),
지방자치단체(시),전북,전라북도 전주시 상수도사업소,전주시,,행정안전부(지방자치단체),
지방자치단체(시),전북,전라북도 전주시 환경사업소,전주시,,행정안전부(지방자치단체),
지방자치단체(도),전북,전북개발공사,지자체기타,,행정안전부(지방자치단체),
지방자치단체(군),전북,전북특별자치도 고창군,고창군,,행정안전부(지방자치단체),
지방자치단체(시),전북,전북특별자치도 군산시,군산시,,행정안전부(지방자치단체),
지방자치단체(시),전북,전북특별자치도 군산시 기후환경국,군산시,,행정안전부(지방자치단체),수도사업소->기후환경국
지방자치단체(시),전북,전북특별자치도 김제시,김제시,,행정안전부(지방자치단체),
지방자치단체(시),전북,전북특별자치도 남원시,남원시,,행정안전부(지방자치단체),
지방자치단체(군),전북,전북특별자치도 무주군,무주군,,행정안전부(지방자치단체),
지방자치단체(군),전북,전북특별자치도 부안군,부안군,,행정안전부(지방자치단체),
지방자치단체(군),전북,전북특별자치도 부안군 상하수도사업소,지자체기타,,행정안전부(지방자치단체),
지방자치단체(군),전북,전북특별자치도 순창군,순창군,,행정안전부(지방자치단체),
지방자치단체(군),전북,전북특별자치도 완주군,완주군,,행정안전부(지방자치단체),
지방자치단체(군),전북,전북특별자치도 완주군 상하수도사업소,완주군,,행정안전부(지방자치단체),
지방자치단체(시),전북,전북특별자치도 익산시,익산시,,행정안전부(지방자치단체),
지방자치단체(시),전북,전북특별자치도 익산시 상하수도사업단,익산시,,행정안전부(지방자치단체),
지방자치단체(군),전북,전북특별자치도 임실군,임실군,,행정안전부(지방자치단체),
지방자치단체(군),전북,전북특별자치도 장수군,장수군,,행정안전부(지방자치단체),
지방자치단체(군),경기,전북특별자치도 장수군 농업기술센터,장수군,,행정안전부(지방자치단체),
지방자치단체(시),전북,전북특별자치도 전주시,전주시,,행정안전부(지방자치단체),
지방자치단체(시),전북,전북특별자치도 전주시 완산구,전주시,,행정안전부(지방자치단체),
지방자치단체(시),전북,전북특별자치도 정읍시,정읍시,,행정안전부(지방자치단체),
지방자치단체(시),전북,전북특별자치도 정읍시 상하수도사업소,정읍시,,행정안전부(지방자치단체),
지방자치단체(군),전북,전북특별자치도 진안군,진안군,,행정안전부(지방자치단체),
지방자치단체(도),전북,전북특별자치도청,전라북도,,행정안전부(지방자치단체),
지방자치단체(시),전북,전주시 상하수도본부,전주시,,행정안전부(지방자치단체),
지방자치단체(시),전북,정읍시 농업기술센터,정읍시,,행정안전부(지방자치단체),
중앙행정기관(국방부),,제1575부대,국방부,,,
중앙행정기관(국방부),경기,제1968부대,국방부,,,
중앙행정기관(국방부),강원,제1군사령부,국방부,,국방부,
중앙행정기관(국방부),,제1보병사단,국방부,,,
중앙행정기관(국방부),서울,제20전투비행단,국방부,,국방부,
중앙행정기관(국방부),,제2136부대,국방부,,,
중앙행정기관(국방부),서울,제2672부대,국방부,,국방부,
중앙행정기관(국방부),서울,제3169부대,국방부,,국방부,
중앙행정기관(국방부),경기,제3182부대,국방부,,,
중앙행정기관(국방부),경북,제3196부대,국방부,,국방부,
중앙행정기관(국방부),서울,제3710부대,국방부,,국방부,
중앙행정기관(국방부),,제5181부대,국방부,,,
중앙행정기관(국방부),경기,제5708부대,국방부,,,
중앙행정기관(국방부),경기,제6군단사령부,국방부,,,
중앙행정기관(국방부),서울,제7276부대,국방부,,국방부,
중앙행정기관(국방부),,제7296부대,국방부,,,
중앙행정기관(국방부),경기,제7군단,국방부,,,
중앙행정기관(국방부),경기,제8기계화보병사단,국방부,,,
중앙행정기관(국방부),인천,제9196부대,국방부,,국방부,
중앙행정기관(국방부),전남,제9873부대,국방부,,국방부,
지방자치단체(도),제주,제주개발건설사무소,지자체기타,,행정안전부(지방자치단체),
중앙행정기관(국토교통부),제주,제주국제자유도시개발센터,국토교통부기타,,국토교통부(지방국토관리청/국토부예하기관),
지방자치단체(군),제주,제주도 남제주군,제주시,,행정안전부(지방자치단체),
지방자치단체(군),제주,제주도 북제주군,제주시,,행정안전부(지방자치단체),
지방자치단체(도),제주,제주세계자연유산관리단,지자체기타,,행정안전부(지방자치단체),
지방자치단체(광역시),제주,제주에너지공사,지자체기타,,행정안전부(지방자치단체),
중앙행정기관(국토교통부),제주,제주지방국토관리청,국토교통부기타,,국토교통부(지방국토관리청/국토부예하기관),
중앙행정기관(국토교통부),제주,제주지방항공청,국토교통부기타,,국토교통부(지방국토관리청/국토부예하기관),
중앙행정기관(해양수산부),제주,제주지방해양항만청,해양수산부기타,,조달청(해양수산부산하기관),
지방자치단체(도),제주,제주특별자치도,제주특별자치도,,행정안전부(지방자치단체),
지방자치단체(도),제주,제주특별자치도 도로관리사업소,제주특별자치도,,행정안전부(지방자치단체),
지방자치단체(도),제주,제주특별자치도 상하(폐기)_사용금지!!,제주특별자치도,,행정안전부(지방자치단체),
지방자치단체(도),제주,제주특별자치도 상하수도본부,제주특별자치도,,행정안전부(지방자치단체),
지방자치단체(시),제주,제주특별자치도 서귀포시,서귀포시,,행정안전부(지방자치단체),
지방자치단체(도),제주,제주특별자치도 자치경찰단,제주특별자치도,,행정안전부(지방자치단체),
지방자치단체(시),제주,제주특별자치도 제주시,제주시,,행정안전부(지방자치단체),
지방자치단체(시),제주,제주특별자치도 제주시 애월읍사무소,제주시,,행정안전부(지방자치단체),
지방자치단체(도),제주,제주특별자치도개발공사,제주특별자치도,,행정안전부(지방자치단체),
지방자치단체(도),제주,제주특별자치도청,제주특별자치도,,행정안전부(지방자치단체),
지방자치단체(시),충북,제천시 수도사업소,제천시,,행정안전부(지방자치단체),
중앙행정기관(기타),대전,조달청,조달청,,조달청(해양수산부산하기관),
중앙행정기관(기타),강원,조달청 강원지방조달청,조달청,,조달청(해양수산부산하기관),
중앙행정기관(기타),경남,조달청 경남지방조달청,조달청,,조달청(해양수산부산하기관),
중앙행정기관(기타),광주,조달청 광주지방조달청,조달청,,조달청(해양수산부산하기관),
중앙행정기관(기타),대구,조달청 대구지방조달청,조달청,,조달청(해양수산부산하기관),
중앙행정기관(기타),대전,조달청 대전지방조달청,조달청,,조달청(해양수산부산하기관),
중앙행정기관(기타),부산,조달청 부산지방조달청,조달청,,조달청(해양수산부산하기관),
중앙행정기관(기타),서울,조달청 서울지방조달청,조달청,,조달청(해양수산부산하기관),
중앙행정기관(기타),인천,조달청 인천지방조달청,조달청,,조달청(해양수산부산하기관),
중앙행정기관(기타),전북,조달청 전북지방조달청,조달청,,조달청(해양수산부산하기관),
중앙행정기관(기타),전북,조달청 전주지방조달청,조달청,,조달청(해양수산부산하기관),
중앙행정기관(기타),제주,조달청 제주지방조달청,조달청,,조달청(해양수산부산하기관),
중앙행정기관(기타),충북,조달청 충북지방조달청,조달청,,조달청(해양수산부산하기관),
중앙행정기관(해양수산부),대구,중앙119구조본부,중앙기타,,조달청(해양수산부산하기관),
중앙행정기관(기타),,중앙선거관리위원회,중앙기타,,,
중앙행정기관(국토교통부),기타,지방국토관리청,국토교통부기타,,미분류,
중앙행정기관(국방부),경기,지상작전사령부,국방부,,,
중앙행정기관(기타),서울,지식경제부,중앙기타,,조달청(해양수산부산하기관),
중앙행정기관(기타),경기,지식경제부 경인지방우정청,중앙기타,,조달청(해양수산부산하기관),
지방자치단체(도),기타,지자체연구기관,지자체기타,,행정안전부(지방자치단체),
지방자치단체(시),경기,진위고등학교,지자체기타,,조달청(해양수산부산하기관),
지방자치단체(시),경남,진주시 맑은물사업소 하수과,진주시,,행정안전부(지방자치단체),
지방자치단체(시),경남,진주시도시개발공특,지자체기타,,행정안전부(지방자치단체),
지방자치단체(군),충북,진천군 상하수도사업소,진천군,,행정안전부(지방자치단체),
지방자치단체(시),경남,창원시 농업기술센터,창원시,,행정안전부(지방자치단체),
지방자치단체(시),경남,창원시 푸른도시사업소,창원시,,행정안전부(지방자치단체),
지방자치단체(시),경남,창원시청(도시개발사업소),지자체기타,,행정안전부(지방자치단체),
지방자치단체(시),충남,천안시 공원녹지사업본부,천안시,,행정안전부(지방자치단체),
지방자치단체(시),충남,천안시 맑은물사업본부,천안시,,행정안전부(지방자치단체),
중앙행정기관(철도청),대전,철도청,한국철도공사,,한국철도공사,
중앙행정기관(철도청),대전,철도청 고속철도본부,한국철도공사,,한국철도공사,
중앙행정기관(철도청),대전,철도청 대전지역사무소,한국철도공사,,한국철도공사,
중앙행정기관(철도청),부산,철도청 부산지역사무소,한국철도공사,,한국철도공사,
중앙행정기관(철도청),서울,철도청 사업개발본부,한국철도공사,,한국철도공사,
중앙행정기관(철도청),서울,철도청 서울지역사무소,한국철도공사,,한국철도공사,
중앙행정기관(철도청),대전,철도청 설계사무소,한국철도공사,,한국철도공사,
중앙행정기관(철도청),전남,철도청 순천지역사무소,한국철도공사,,한국철도공사,
중앙행정기관(철도청),경남,철도청 영주지역사무소,한국철도공사,,한국철도공사,
중앙행정기관(철도청),경기,철도청 중부건설사업소,한국철도공사,,한국철도공사,
중앙행정기관(철도청),대전,철도청 철도건설본부,한국철도공사,,한국철도공사,
지방자치단체(시),충북,청주시 공원산림본부,지자체기타,,행정안전부(지방자치단체),
지방자치단체(시),충북,청주시 도로사업본부,지자체기타,,행정안전부(지방자치단체),
지방자치단체(시),충북,청주시 도시개발사업단,지자체기타,,행정안전부(지방자치단체),
지방자치단체(시),충북,청주시 상수도사업본부,지자체기타,,행정안전부(지방자치단체),
지방자치단체(시),충북,청주시 환경관리본부,지자체기타,,행정안전부(지방자치단체),
지방자치단체(시),강원,춘천도시개발공사,지자체기타,,행정안전부(지방자치단체),
지방자치단체(시),강원,춘천시 (공영개발),춘천시,,행정안전부(지방자치단체),
지방자치단체(시),강원,춘천시 상하수도사업본부,춘천시,,행정안전부(지방자치단체),
지방자치단체(도),충북,충북개발공사,지자체기타,,행정안전부(지방자치단체),
지방자치단체(도),충북,충북경제자유구역청,지자체기타,,행정안전부(지방자치단체),
중앙행정기관(국토교통부),충북,충북지방경찰청,중앙기타,,조달청(해양수산부산하기관),
중앙행정기관(국토교통부),충북,충주국도관리사무소,국토교통부기타,,국토교통부(지방국토관리청/국토부예하기관),
정부투자기관(기타),충북,충주기업도시사업단,지자체기타,,미분류,
지방자치단체(도),충남,충청남도 건설본부,지자체기타,,행정안전부(지방자치단체),
지방자치단체(시),충남,충청남도 계룡시,계룡시,,행정안전부(지방자치단체),
지방자치단체(시),충남,충청남도 계룡출장소,지자체기타,,행정안전부(지방자치단체),
지방자치단체(시),충남,충청남도 공주시,공주시,,행정안전부(지방자치단체),
지방자치단체(시),충남,충청남도 공주시 시설관리사업소,공주시,,행정안전부(지방자치단체),
중앙행정기관(기타),충남,충청남도 교육청,충청남도,,조달청(해양수산부산하기관),
지방자치단체(군),충남,충청남도 금산군,금산군,,행정안전부(지방자치단체),
지방자치단체(시),충남,충청남도 논산시,논산시,,행정안전부(지방자치단체),
지방자치단체(시),충남,충청남도 논산시 상수도사업소,논산시,,행정안전부(지방자치단체),
지방자치단체(도),충남,충청남도 농축산물류센터관리공사,지자체기타,,행정안전부(지방자치단체),
지방자치단체(시),충남,충청남도 당진시,당진시,,행정안전부(지방자치단체),
지방자치단체(시),충남,충청남도 당진시 수도과,당진시,,행정안전부(지방자치단체),
지방자치단체(시),충남,충청남도 대천시,지자체기타,,행정안전부(지방자치단체),
지방자치단체(도),충남,충청남도 백제문화단지관리사업소,지자체기타,,행정안전부(지방자치단체),
중앙행정기관(기타),충남,충청남도 보령교육청,충청남도,,조달청(해양수산부산하기관),
지방자치단체(시),충남,충청남도 보령시,보령시,,행정안전부(지방자치단체),
지방자치단체(시),충남,충청남도 보령시 수도사업소,보령시,,행정안전부(지방자치단체),
지방자치단체(시),충남,충청남도 보령시 해수욕장개발사업소,보령시,,행정안전부(지방자치단체),
지방자치단체(군),충남,충청남도 부여군,부여군,,행정안전부(지방자치단체),
지방자치단체(도),충남,충청남도 산림자원연구소,충청남도,,행정안전부(지방자치단체),
지방자치단체(시),충남,충청남도 서산시,서산시,,행정안전부(지방자치단체),
지방자치단체(시),충남,충청남도 서산시 수도사업소,서산시,,행정안전부(지방자치단체),
지방자치단체(군),충남,충청남도 서천군,서천군,,행정안전부(지방자치단체),
지방자치단체(군),충남,충청남도 서천군 농업기술센터,서천군,,행정안전부(지방자치단체),
지방자치단체(군),충남,충청남도 서천군 맑은물사업소,서천군,,행정안전부(지방자치단체),
지방자치단체(도),충남,충청남도 아산만권신시가지 개발기획단,지자체기타,,행정안전부(지방자치단체),
지방자치단체(시),충남,충청남도 아산시,아산시,,행정안전부(지방자치단체),
지방자치단체(시),충남,충청남도 아산시 상하수도사업소,아산시,,행정안전부(지방자치단체),
지방자치단체(시),충남,충청남도 아산시 수도사업소,아산시,,행정안전부(지방자치단체),
지방자치단체(군),충남,충청남도 연기군,지자체기타,,행정안전부(지방자치단체),
지방자치단체(군),충남,충청남도 예산군,예산군,,행정안전부(지방자치단체),
지방자치단체(군),충남,충청남도 예산군 상하수도사업소,예산군,,행정안전부(지방자치단체),
지방자치단체(시),충남,충청남도 온양시,지자체기타,,행정안전부(지방자치단체),
지방자치단체(도),충남,충청남도 종합건설사업소 공주지소,지자체기타,,행정안전부(지방자치단체),
중앙행정기관(기타),충남,충청남도 천안교육청 천안중학교,충청남도,,조달청(해양수산부산하기관),
지방자치단체(시),충남,충청남도 천안시,천안시,,행정안전부(지방자치단체),
지방자치단체(시),충남,충청남도 천안시 도시개발사업소,천안시,,행정안전부(지방자치단체),
지방자치단체(군),충남,충청남도 청양군,청양군,,행정안전부(지방자치단체),
지방자치단체(군),충남,충청남도 청양군 맑은물사업소,청양군,,행정안전부(지방자치단체),
지방자치단체(군),충남,충청남도 태안군,태안군,,행정안전부(지방자치단체),
지방자치단체(군),충남,충청남도 태안군 문화예술센터,태안군,,행정안전부(지방자치단체),
지방자치단체(군),충남,충청남도 태안군 상하수도사업소,태안군,,행정안전부(지방자치단체),
지방자치단체(군),충남,충청남도 태안군 환경관리센터,태안군,,행정안전부(지방자치단체),
지방자치단체(군),충남,충청남도 홍성군,홍성군,,행정안전부(지방자치단체),
지방자치단체(도),충남,충청남도개발공사,지자체기타,,행정안전부(지방자치단체),
지방자치단체(도),충남,충청남도청,충청남도,,행정안전부(지방자치단체),
지방자치단체(도),충북,충청북도 개발사업소장,지자체기타,,행정안전부(지방자치단체),
지방자치단체(군),충북,충청북도 괴산군,괴산군,,행정안전부(지방자치단체),
지방자치단체(군),충북,충청북도 괴산군 수도사업소,괴산군,,행정안전부(지방자치단체),
지방자치단체(군),충북,충청북도 단양군,단양군,,행정안전부(지방자치단체),
지방자치단체(군),충북,충청북도 단양군 상하수도사업소,단양군,,행정안전부(지방자치단체),
정부투자기관(공사),충북,충청북도 도시개발공사,충청북도,,행정안전부(지방자치단체),
지방자치단체(군),충북,충청북도 보은군,보은군,,행정안전부(지방자치단체),
지방자치단체(도),충북,충청북도 산림환경연구소,지자체기타,,행정안전부(지방자치단체),
지방자치단체(군),충북,충청북도 영동군,영동군,,행정안전부(지방자치단체),
지방자치단체(군),충북,충청북도 영동군 상수도사업소,영동군,,행정안전부(지방자치단체),
지방자치단체(군),충북,충청북도 옥천군,옥천군,,행정안전부(지방자치단체),
지방자치단체(군),충북,충청북도 옥천군 상하수도사업소,옥천군,,행정안전부(지방자치단체),
지방자치단체(군),충북,충청북도 음성군,음성군,,행정안전부(지방자치단체),
지방자치단체(군),충북,충청북도 음성군 수도사업소,음성군,,행정안전부(지방자치단체),
지방자치단체(군),충북,충청북도 음성군 시설관리사업소,음성군,,행정안전부(지방자치단체),
지방자치단체(시),충북,충청북도 제천시,제천시,,행정안전부(지방자치단체),
지방자치단체(시),충북,충청북도 제천시 환경사업소,제천시,,행정안전부(지방자치단체),
지방자치단체(군),충북,충청북도 증평군,증평군,,행정안전부(지방자치단체),
지방자치단체(군),충북,충청북도 증평군 수도사업소,증평군,,행정안전부(지방자치단체),
지방자치단체(군),충북,충청북도 증평군 시설관리사업소,증평군,,행정안전부(지방자치단체),
지방자치단체(군),충북,충청북도 진천군,진천군,,행정안전부(지방자치단체),
지방자치단체(군),충북,충청북도 진천군 명품도시추진단,진천군,,행정안전부(지방자치단체),
지방자치단체(도),충북,충청북도 청남대관리사업소,지자체기타,,행정안전부(지방자치단체),
지방자치단체(군),충북,충청북도 청원군,지자체기타,,행정안전부(지방자치단체),
지방자치단체(군),충북,충청북도 청원군 상하수도사업소,지자체기타,,행정안전부(지방자치단체),
지방자치단체(시),충북,충청북도 청주시,지자체기타,,행정안전부(지방자치단체),
지방자치단체(도),충북,충청북도 청주시 흥덕구,충청북도,,행정안전부(지방자치단체),
지방자치단체(시),충북,충청북도 충주시,충주시,,행정안전부(지방자치단체),
지방자치단체(시),충북,충청북도 충주시 물관리사업소,충주시,,행정안전부(지방자치단체),
지방자치단체(시),충북,충청북도 충주시 상수도사업소,충주시,,행정안전부(지방자치단체),
지방자치단체(시),충북,충청북도 충주시 하수도사업소,충주시,,행정안전부(지방자치단체),
지방자치단체(도),충북,충청북도청,충청북도,,행정안전부(지방자치단체),
외국기관,해외,카자흐스탄 교통통신부,외국기관,,미분류,
외국기관,미분류,카자흐스탄 농림부 수자원위원회,외국기관,,미분류,
외국기관,미분류,카즈흐스탄 농림부 수자원위원회,외국기관,,미분류,
외국기관,해외,캄보디아,외국기관,,미분류,
외국기관,미분류,캄보디아 공공사업 및 교통부,외국기관,,미분류,
외국기관,해외,캄보디아 농림부,외국기관,,미분류,
외국기관,해외,캄보디아 농림수산부,외국기관,,미분류,
외국기관,미분류,캄보디아 농촌개발부,외국기관,,미분류,
외국기관,해외,캄보디아 도로교통부,외국기관,,미분류,
외국기관,미분류,캄보디아 수자원기상부,외국기관,,미분류,
외국기관,미분류,캄보디아 수자원부,외국기관,,미분류,
외국기관,해외,캄보디아 씨엠립 상하수도국,외국기관,,미분류,
외국기관,미분류,캄보디아 재무부,외국기관,,미분류,
외국기관,해외,캄보디아 지역개발부,외국기관,,미분류,
외국기관,미분류,캄보디아 프놈펜 상수국,외국기관,,미분류,
외국기관,해외,캄보디아 환경부,외국기관,,미분류,
외국기관,해외,캄팔라수도청,외국기관,,미분류,
외국기관,해외,케냐,외국기관,,미분류,
외국기관,미분류,케냐 고속도로국,외국기관,,미분류,
외국기관,미분류,케냐 공항국,외국기관,,미분류,
외국기관,미분류,케냐 교통부,외국기관,,미분류,
외국기관,미분류,케냐 나이로비 개발부,외국기관,,미분류,
외국기관,미분류,케냐 나이로비개발부,외국기관,,미분류,
외국기관,해외,케냐 도로청,외국기관,,미분류,
외국기관,미분류,케냐 도심도로국,외국기관,,미분류,
외국기관,미분류,케냐 리프트밸리 수도국,외국기관,,미분류,
외국기관,미분류,"케냐 토지,주택,도심개발부",외국기관,,미분류,
외국기관,미분류,케냐 Athi 수자원위원회,외국기관,,미분류,
정부투자기관(기타),경기,코리아에너지터미널(주),민간사,,미분류,
외국기관,해외,콩고,외국기관,,미분류,
외국기관,해외,콩고,외국기관,,미분류,
외국기관,미분류,콩고민주공화국 에너지부 상수도공사,외국기관,,미분류,
외국기관,경기,쿠웨이트(MPW),외국기관,,미분류,
외국기관,해외,키르기스탄 전력플랜트공사,외국기관,,미분류,
외국기관,해외,"타나 상수도국(TANA Water Services Board, MoWI)",외국기관,,미분류,
외국기관,미분류,타지키스탄 교통부,외국기관,,미분류,
외국기관,해외,탄자니아,외국기관,,미분류,
외국기관,미분류,탄자니아 공항청,외국기관,,미분류,
외국기관,미분류,탄자니아 국도청,외국기관,,미분류,
외국기관,미분류,탄자니아 노동부,외국기관,,미분류,
외국기관,미분류,탄자니아 농업 및 천연자원부,외국기관,,미분류,
외국기관,해외,탄자니아 도도마 상하수도청,외국기관,DOWASA,미분류,
외국기관,미분류,탄자니아 잔지바르 수자원국,외국기관,,미분류,
외국기관,해외,탄자니아 항만국(TPA),외국기관,,미분류,
외국기관,해외,탄자니아 Arusha 수도청,외국기관,,미분류,
외국기관,미분류,탄자니아 Bukoba 상하수도청,외국기관,,미분류,
외국기관,미분류,탄자니아 DAWASA,외국기관,,미분류,
외국기관,해외,탄자니아 IRUWASA,외국기관,Iringa Urban Water Supply & Sanitation Authority,미분류,
외국기관,미분류,탄자니아 Kigoma 도심 상하수도국,외국기관,,미분류,
외국기관,미분류,탄자니아 MTWARA MIKINDANI,외국기관,,미분류,
외국기관,미분류,탄자니아 PMO RALG,외국기관,,미분류,
외국기관,미분류,탄자니아 RAHCO,외국기관,,미분류,
외국기관,미분류,탄자니아정부,외국기관,,미분류,
외국기관,해외,태국 도로국(Department of Highways),외국기관,,미분류,
외국기관,해외,태국 BKC E&C,외국기관,,미분류,
외국기관,미분류,태국정부,외국기관,,미분류,
중앙행정기관(기타),서울,태권도진흥재단,중앙기타,,미분류,
지방자치단체(시),강원,태백시 상하수도사업소,태백시,,행정안전부(지방자치단체),
외국기관,해외,통가,외국기관,,미분류,
중앙행정기관(기타),서울,통일교육원,중앙기타,,미분류,
중앙행정기관(기타),서울,통일부,중앙기타,,미분류,
외국기관,해외,튀니지,외국기관,,미분류,
지방자치단체(시),경기,파주시 관광사업소,파주시,,행정안전부(지방자치단체),
지방자치단체(시),경기,파주시 친수공간추진단,파주시,,행정안전부(지방자치단체),
지방자치단체(시),경기,파주시맑은물환경사업단,지자체기타,,행정안전부(지방자치단체),
지방자치단체(시),경기,파주시푸른환경사업본부,지자체기타,,행정안전부(지방자치단체),
중앙행정기관(기타),,파주장단콩웰빙마루,중앙기타,,,
외국기관,미분류,파키스탄 고속도로국,외국기관,,미분류,
외국기관,미분류,파키스탄 국가도로청,외국기관,,미분류,
외국기관,미분류,파키스탄 국립과학기술원,외국기관,,미분류,
외국기관,미분류,파키스탄 수력댐개발청,외국기관,,미분류,
외국기관,미분류,파키스탄 정부,외국기관,,미분류,
외국기관,미분류,파키스탄 Punjab 정부,외국기관,,미분류,
외국기관,해외,파푸아뉴기니 공공사업공사,외국기관,,미분류,
외국기관,해외,파푸아뉴기니 전력공사,외국기관,,미분류,
외국기관,해외,파푸아뉴기니 항공청,외국기관,,미분류,
지방자치단체(도),경북,팔공산도립공원관리사무소,지자체기타,,행정안전부(지방자치단체),
외국기관,해외,퍼시픽림,외국기관,,,
지방자치단체(시),경기,평택도시공사,지자체기타,,행정안전부(지방자치단체),
지방자치단체(시),경기,평택시 한미협력사업단,평택시,,행정안전부(지방자치단체),
정부투자기관(기타),경기,평택지방산업단지관리공단,지자체기타,,미분류,
중앙행정기관(해양수산부),경기,평택지방해양수산청,평택지방해양수산청,,조달청(해양수산부산하기관),
지방자치단체(시),경기,포천도시공사,지자체기타,,행정안전부(지방자치단체),
지방자치단체(시),경기,포천시 한탄강사업소,포천시,,행정안전부(지방자치단체),
지방자치단체(시),경북,포항시 건설교통사업본부,포항시,,행정안전부(지방자치단체),
지방자치단체(시),경북,포항시 남구청,포항시,,행정안전부(지방자치단체),
중앙행정기관(해양수산부),경북,포항지방해양수산청,포항지방해양수산청,,조달청(해양수산부산하기관),
정부투자기관(기타),서울,플랜트협회,공사기타,,미분류,
외국기관,해외,필리핀,외국기관,,미분류,
외국기관,해외,필리핀 (주)세영파트너스,외국기관,,미분류,
외국기관,해외,필리핀 공공사업도로부,외국기관,DPWH,미분류,
외국기관,해외,필리핀 교통부,외국기관,DOTr,미분류,
외국기관,해외,필리핀 MEDC(Miratech Energy Development Co),외국기관,,미분류,
지방자치단체(시),경기,하남도시공사,하남시,,행정안전부(지방자치단체),
중앙행정기관(국토교통부),서울,한강수력발전처,국토교통부기타,,한국전력공사(발전자회사),
정부투자기관(공사),대구,한국가스공사,한국가스공사,,한국가스공사,
정부투자기관(공사),강원,한국가스공사 강원지역본부,한국가스공사,,한국가스공사,
정부투자기관(공사),경기,한국가스공사 건설사업단,한국가스공사,,한국가스공사,
정부투자기관(공사),경기,한국가스공사 경기지역본부,한국가스공사,,한국가스공사,
정부투자기관(공사),광주,한국가스공사 광주전남지역본부,한국가스공사,,한국가스공사,
정부투자기관(공사),대구,한국가스공사 남부안전건설단,한국가스공사,,한국가스공사,
정부투자기관(공사),충남,한국가스공사 당진기지안전건설단,한국가스공사,,한국가스공사,
정부투자기관(공사),경북,한국가스공사 대구경북지역본부,한국가스공사,,한국가스공사,
정부투자기관(공사),대전,한국가스공사 대전충청지역본부,한국가스공사,,한국가스공사,
정부투자기관(공사),경남,한국가스공사 부산경남지역본부,한국가스공사,,한국가스공사,
정부투자기관(공사),서울,한국가스공사 서울지역본부,한국가스공사,,한국가스공사,
정부투자기관(기타),인천,한국가스공사 인천지역본부,한국가스공사,,한국가스공사,
정부투자기관(공사),기타,한국가스공사 전북지역본부,한국가스공사,,한국가스공사,
정부투자기관(기타),경기,한국가스공사 평택기지본부,한국가스공사,,조달청(해양수산부산하기관),
정부투자기관(공사),충북,한국가스안전공사,공사기타,,조달청(해양수산부산하기관),
정부투자기관(기타),세종,한국개발연구원,공사기타,,조달청(해양수산부산하기관),
정부투자기관(기타),경기,한국건설기술연구원,공사기타,,조달청(해양수산부산하기관),
중앙행정기관(철도청),서울,한국고속철도건설공단,국가철도공단,,한국철도공사,
정부투자기관(기타),서울,한국공항공단,공사기타,,미분류,
정부투자기관(기타),제주,한국공항공단 제주지사,공사기타,,조달청(해양수산부산하기관),
정부투자기관(공사),서울,한국공항공사,한국공항공사,,조달청(해양수산부산하기관),
정부투자기관(공사),대구,한국공항공사 대구지사,한국공항공사,,조달청(해양수산부산하기관),
정부투자기관(공사),전남,한국공항공사 무안지사,한국공항공사,,조달청(해양수산부산하기관),
정부투자기관(공사),부산,한국공항공사 부산지사,한국공항공사,,조달청(해양수산부산하기관),
정부투자기관(공사),부산,한국공항공사 부산지역본부,한국공항공사,,조달청(해양수산부산하기관),
정부투자기관(공사),서울,한국공항공사 서울지역본부,한국공항공사,,조달청(해양수산부산하기관),
정부투자기관(공사),제주,한국공항공사 제주지역본부,한국공항공사,,조달청(해양수산부산하기관),
정부투자기관(기타),대전,한국공항우주연구원,공사기타,,조달청(해양수산부산하기관),
정부투자기관(기타),서울,한국과학기술기술기획평가원,공사기타,,미분류,
정부투자기관(기타),서울,한국과학기술연구원,공사기타,,조달청(해양수산부산하기관),
정부투자기관(공사),서울,한국관광공사,공사기타,,조달청(해양수산부산하기관),
정부투자기관(기타),강원,한국광해관리공단,공사기타,,조달청(해양수산부산하기관),
정부투자기관(기타),대구,한국광해관리공단 (영남지사),공사기타,,조달청(해양수산부산하기관),
정부투자기관(기타),강원,한국광해광업공단,공사기타,,조달청(해양수산부산하기관),
정부투자기관(기타),강원,한국광해광업공단 강원지사,공사기타,,조달청(해양수산부산하기관),
정부투자기관(기타),대전,한국광해광업공단 충청지사,공사기타,,조달청(해양수산부산하기관),
정부투자기관(기타),경북,한국교통안전공단,공사기타,,국토교통부(지방국토관리청/국토부예하기관),
정부투자기관(기타),경기,한국교통안전공단 자동차안전연구원,공사기타,,국토교통부(지방국토관리청/국토부예하기관),
정부투자기관(공사),경기,한국국제협력단,공사기타,,미분류,
정부투자기관(공사),전북,한국국토정보공사,공사기타,,미분류,구)대한지적공사
정부투자기관(기타),대전,한국기초과학연구원,공사기타,,미분류,
정부투자기관(공사),경남,한국남동발전(주),한국남동발전,,한국전력공사(발전자회사),
정부투자기관(공사),경남,한국남동발전(주) 사업기술처,한국남동발전,,한국전력공사(발전자회사),
정부투자기관(공사),전남,한국남동발전(주) 여수발전본부,한국남동발전,,한국전력공사(발전자회사),
정부투자기관(공사),전북,한국남동발전(주)무주양수발전처,한국남동발전,,한국전력공사(발전자회사),
정부투자기관(공사),충남,한국남동발전(주)보령화력본부,한국남동발전,,한국전력공사(발전자회사),
정부투자기관(공사),경기,한국남동발전(주)분당복합화력발전처,한국남동발전,,한국전력공사(발전자회사),
정부투자기관(공사),경기,한국남동발전(주)분당본부,한국남동발전,,한국전력공사(발전자회사),
정부투자기관(공사),경남,한국남동발전(주)삼천포발전본부,한국남동발전,,한국전력공사(발전자회사),
정부투자기관(공사),경남,한국남동발전(주)삼천포화력본부,한국남동발전,,한국전력공사(발전자회사),
정부투자기관(공사),충남,한국남동발전(주)서천화력발전소,한국남동발전,,한국전력공사(발전자회사),
정부투자기관(공사),인천,한국남동발전(주)설계기술처,한국남동발전,,한국전력공사(발전자회사),
정부투자기관(공사),강원,한국남동발전(주)양양양수발전소,한국남동발전,,한국전력공사(발전자회사),
정부투자기관(공사),강원,한국남동발전(주)영동화력발전처,한국남동발전,,한국전력공사(발전자회사),
정부투자기관(공사),인천,한국남동발전(주)영흥발전본부,한국남동발전,,한국전력공사(발전자회사),
정부투자기관(공사),경북,한국남동발전(주)예천양수발전처,한국남동발전,,한국전력공사(발전자회사),
정부투자기관(공사),인천,한국남동발전(주)인천화력본부,한국남동발전,,한국전력공사(발전자회사),
정부투자기관(공사),제주,한국남동발전(주)제주화력발전소,한국남동발전,,한국전력공사(발전자회사),
정부투자기관(공사),부산,한국남부발전(주),한국남부발전,,한국전력공사(발전자회사),
정부투자기관(공사),서울,한국남부발전(주) 남제주발전본부,한국남부발전,,한국전력공사(발전자회사),
정부투자기관(공사),강원,한국남부발전(주) 삼척빛드림본부,한국남부발전,,한국전력공사(발전자회사),구)삼척발전본부
정부투자기관(공사),세종,한국남부발전(주) 신세종빛드림본부,한국남부발전,,한국전력공사(발전자회사),
정부투자기관(공사),세종,한국남부발전(주) 신재생사업본부,한국남부발전,,한국전력공사(발전자회사),
정부투자기관(공사),부산,한국남부발전(주) 안동빛드림본부,한국남부발전,,한국전력공사(발전자회사),
정부투자기관(공사),경남,한국남부발전(주) 하동빛드림본부,한국남부발전,,한국전력공사(발전자회사),
정부투자기관(공사),서울,한국남부발전(주)부산천연가스발전본부,한국남부발전,,한국전력공사(발전자회사),
정부투자기관(공사),서울,한국남부발전(주)신인천천연가스발전본부,한국남부발전,,한국전력공사(발전자회사),
정부투자기관(공사),서울,한국남부발전(주)영남화력발전소,한국남부발전,,한국전력공사(발전자회사),
정부투자기관(공사),서울,한국남부발전(주)영월복합화력발전소,한국남부발전,,한국전력공사(발전자회사),
정부투자기관(공사),서울,한국남부발전(주)청평양수발전소,한국남부발전,,한국전력공사(발전자회사),
정부투자기관(공사),전남,한국농어촌공사,한국농어촌공사,,조달청(해양수산부산하기관),
정부투자기관(공사),강원,한국농어촌공사 강릉지사,한국농어촌공사,,조달청(해양수산부산하기관),
정부투자기관(공사),강원,한국농어촌공사 강원지역본부,한국농어촌공사,,조달청(해양수산부산하기관),
정부투자기관(공사),인천,"한국농어촌공사 강화, 옹진지사",한국농어촌공사,,조달청(해양수산부산하기관),
정부투자기관(공사),경기,한국농어촌공사 경기지역본부,한국농어촌공사,,조달청(해양수산부산하기관),
정부투자기관(공사),경남,한국농어촌공사 경남지역본부,한국농어촌공사,,조달청(해양수산부산하기관),
정부투자기관(공사),경남,"한국농어촌공사 경남지역본부 김해,양산,부산지사",한국농어촌공사,,조달청(해양수산부산하기관),
정부투자기관(공사),경북,한국농어촌공사 경북지역본부,한국농어촌공사,,조달청(해양수산부산하기관),
중앙행정기관(기타),경북,한국농어촌공사 경산지사,한국농어촌공사,,조달청(해양수산부산하기관),
정부투자기관(공사),전북,한국농어촌공사 고창지사,한국농어촌공사,,조달청(해양수산부산하기관),
정부투자기관(공사),전남,한국농어촌공사 고흥지사,한국농어촌공사,,조달청(해양수산부산하기관),
정부투자기관(공사),경북,한국농어촌공사 광주지사,한국농어촌공사,,조달청(해양수산부산하기관),
정부투자기관(공사),경북,한국농어촌공사 구미김천지사,한국농어촌공사,,조달청(해양수산부산하기관),
정부투자기관(공사),전북,한국농어촌공사 군산지사,한국농어촌공사,,조달청(해양수산부산하기관),
정부투자기관(공사),경기,한국농어촌공사 기술본부,한국농어촌공사,,조달청(해양수산부산하기관),
정부투자기관(공사),대전,한국농어촌공사 기술안전품질원,한국농어촌공사,,조달청(해양수산부산하기관),
정부투자기관(공사),경기,한국농어촌공사 김포지사,한국농어촌공사,,조달청(해양수산부산하기관),
정부투자기관(공사),경기,한국농어촌공사 농어촌연구원,한국농어촌공사,,조달청(해양수산부산하기관),
정부투자기관(공사),경남,한국농어촌공사 밀양지사,한국농어촌공사,,조달청(해양수산부산하기관),
정부투자기관(공사),전북,한국농어촌공사 부안지사,한국농어촌공사,,조달청(해양수산부산하기관),
정부투자기관(공사),전북,한국농어촌공사 새만금사업단,한국농어촌공사,,조달청(해양수산부산하기관),
정부투자기관(공사),전북,한국농어촌공사 새만금산업단지사업단,한국농어촌공사,,조달청(해양수산부산하기관),
정부투자기관(공사),전남,한국농어촌공사 순천광양여수지사,한국농어촌공사,,조달청(해양수산부산하기관),
정부투자기관(공사),경기,한국농어촌공사 양평지사,한국농어촌공사,,조달청(해양수산부산하기관),
정부투자기관(공사),전남,한국농어촌공사 영광지사,한국농어촌공사,,조달청(해양수산부산하기관),
정부투자기관(공사),강원,한국농어촌공사 영북지사,한국농어촌공사,,조달청(해양수산부산하기관),
정부투자기관(공사),경북,한국농어촌공사 울산지사,한국농어촌공사,,조달청(해양수산부산하기관),
정부투자기관(공사),전남,한국농어촌공사 장흥지사,한국농어촌공사,,조달청(해양수산부산하기관),
정부투자기관(공사),전남,한국농어촌공사 전남지역본부,한국농어촌공사,,조달청(해양수산부산하기관),
정부투자기관(공사),전북,한국농어촌공사 전북지역본부,한국농어촌공사,,조달청(해양수산부산하기관),
정부투자기관(공사),전북,한국농어촌공사 제주지역본부,한국농어촌공사,,조달청(해양수산부산하기관),
정부투자기관(공사),충남,한국농어촌공사 충남지역본부,한국농어촌공사,,조달청(해양수산부산하기관),
정부투자기관(공사),충북,한국농어촌공사 충북지역본부,한국농어촌공사,,조달청(해양수산부산하기관),
정부투자기관(공사),경북,한국농어촌공사 칠곡지사,한국농어촌공사,,조달청(해양수산부산하기관),
정부투자기관(공사),경기,한국농어촌공사 토지개발사업단,한국농어촌공사,,조달청(해양수산부산하기관),
정부투자기관(공사),경기,한국농어촌공사 화안사업단,한국농어촌공사,,조달청(해양수산부산하기관),
정부투자기관(공사),경기,한국농촌공사,한국농어촌공사,,조달청(해양수산부산하기관),
정부투자기관(공사),경기,한국농촌공사 경기도본부,한국농어촌공사,,조달청(해양수산부산하기관),
정부투자기관(공사),경기,한국농촌공사 파주지사,한국농어촌공사,,조달청(해양수산부산하기관),
정부투자기관(공사),경북,한국도로공사,한국도로공사,,한국도로공사,
정부투자기관(공사),강원,한국도로공사 강원건설사업소,한국도로공사,,한국도로공사,
정부투자기관(공사),강원,한국도로공사 강원본부,한국도로공사,,한국도로공사,
정부투자기관(공사),경기,한국도로공사 경기건설사업소,한국도로공사,,한국도로공사,
정부투자기관(공사),경기,한국도로공사 경기지역본부,한국도로공사,,한국도로공사,
정부투자기관(공사),경남,한국도로공사 경남건설사업소,한국도로공사,,한국도로공사,
정부투자기관(공사),경기,한국도로공사 고창~담양건설사업소,한국도로공사,,한국도로공사,
정부투자기관(공사),전남,한국도로공사 광주전남본부,한국도로공사,,한국도로공사,
정부투자기관(공사),부산,한국도로공사 김해부산건설사업단,한국도로공사,,한국도로공사,
정부투자기관(공사),전북,한국도로공사 남부도로개량사업단,한국도로공사,,한국도로공사,
정부투자기관(공사),경기,한국도로공사 냉정부산건설사업단,한국도로공사,,한국도로공사,
정부투자기관(공사),전북,한국도로공사 담양함양건설사업단,한국도로공사,,한국도로공사,
정부투자기관(공사),대구,한국도로공사 대구경북본부,한국도로공사,,한국도로공사,
정부투자기관(공사),대구,한국도로공사 대구-포항건설사업소,한국도로공사,,한국도로공사,
정부투자기관(공사),대전,한국도로공사 대전~당진건설사업소,한국도로공사,,한국도로공사,
정부투자기관(공사),대전,한국도로공사 대전충남본부,한국도로공사,,한국도로공사,
정부투자기관(공사),충남,한국도로공사 대진1건설사업소,한국도로공사,,한국도로공사,
정부투자기관(공사),경기,한국도로공사 도로교통기술원,한국도로공사,,한국도로공사,
정부투자기관(공사),경기,한국도로공사 도로교통연구원,한국도로공사,,한국도로공사,
정부투자기관(공사),강원,한국도로공사 동해건설사업소,한국도로공사,,한국도로공사,
정부투자기관(공사),전남,한국도로공사 목포-광양건설사업단,한국도로공사,,한국도로공사,
정부투자기관(공사),부산,한국도로공사 부산~울산 건설사업소,한국도로공사,,한국도로공사,
정부투자기관(공사),경남,한국도로공사 부산경남본부,한국도로공사,,한국도로공사,
정부투자기관(공사),강원,한국도로공사 삼척속초건설사업단,한국도로공사,,한국도로공사,
정부투자기관(공사),경북,한국도로공사 상주안동건설사업단,한국도로공사,,한국도로공사,
정부투자기관(공사),전북,한국도로공사 새만금전주건설사업단,한국도로공사,,한국도로공사,
정부투자기관(공사),충남,한국도로공사 서산아산건설사업단,한국도로공사,,한국도로공사,
정부투자기관(공사),충남,한국도로공사 서해1건설사업소,한국도로공사,,한국도로공사,
정부투자기관(공사),충남,한국도로공사 서해2건설사업소,한국도로공사,,한국도로공사,
정부투자기관(공사),경기,한국도로공사 서해대교건설사업소,한국도로공사,,한국도로공사,
정부투자기관(공사),충북,한국도로공사 세종천안건설사업단,한국도로공사,,한국도로공사,안성용인->세종천안
정부투자기관(공사),경기,한국도로공사 수도권건설사업단,한국도로공사,,한국도로공사,
정부투자기관(공사),경기,한국도로공사 수도권본부,한국도로공사,,한국도로공사,
정부투자기관(공사),경기,한국도로공사 시흥지사,한국도로공사,,한국도로공사,
정부투자기관(공사),충남,한국도로공사 아산천안건설사업단,한국도로공사,,한국도로공사,
정부투자기관(공사),경기,한국도로공사 양평이천건설사업단,한국도로공사,,한국도로공사,
정부투자기관(공사),경북,한국도로공사 언양영천건설사업단,한국도로공사,,한국도로공사,
정부투자기관(공사),경남,한국도로공사 영남2건설사업소,한국도로공사,,한국도로공사,
정부투자기관(공사),강원,한국도로공사 영동건설사업소,한국도로공사,,한국도로공사,
정부투자기관(공사),경북,한국도로공사 울산포항건설사업단,한국도로공사,,한국도로공사,
정부투자기관(공사),충북,한국도로공사 음성제천건설사업단,한국도로공사,,한국도로공사,
정부투자기관(공사),전북,한국도로공사 익산~장수건설사업소,한국도로공사,,한국도로공사,
정부투자기관(공사),인천,한국도로공사 인천대교건설사업소,한국도로공사,,한국도로공사,
정부투자기관(공사),전북,한국도로공사 전주~남원건설사업소,한국도로공사,,한국도로공사,
정부투자기관(공사),강원,한국도로공사 주문진속초 건설사업단,한국도로공사,,한국도로공사,
정부투자기관(공사),경기,한국도로공사 중부도로개량사업단,한국도로공사,,한국도로공사,
정부투자기관(공사),경기,한국도로공사 중부지역본부,한국도로공사,,한국도로공사,
정부투자기관(공사),기타,한국도로공사 중앙북부건설사무소,한국도로공사,,한국도로공사,
정부투자기관(공사),경북,한국도로공사 창녕밀양건설사업단,한국도로공사,,한국도로공사,
정부투자기관(공사),경남,한국도로공사 창녕지사,한국도로공사,,한국도로공사,
정부투자기관(공사),충남,한국도로공사 천안안성건설사업단,한국도로공사,,한국도로공사,세종안성->천안안성
정부투자기관(공사),충북,한국도로공사 청원~상주건설사업소,한국도로공사,,한국도로공사,
정부투자기관(공사),충북,한국도로공사 충북본부,한국도로공사,,한국도로공사,
정부투자기관(공사),충남,한국도로공사 충청지역본부,한국도로공사,,한국도로공사,
정부투자기관(공사),경북,한국도로공사 포항영덕건설사업단,한국도로공사,,한국도로공사,
정부투자기관(공사),경북,한국도로공사 함양성산건설사업단,한국도로공사,,한국도로공사,
정부투자기관(공사),경기,한국도로공사 현풍-김천건설사업소,한국도로공사,,한국도로공사,
정부투자기관(공사),강원,한국도로공사 홍천양양건설사업단,한국도로공사,,한국도로공사,
정부투자기관(공사),강원,한국도로공사 홍천양양건설사업단,한국도로공사,,한국도로공사,
정부투자기관(공사),서울,한국동서발전(주),한국동서발전,,한국전력공사(발전자회사),
정부투자기관(공사),충남,한국동서발전(주) 당진발전본부,한국동서발전,,한국전력공사(발전자회사),
정부투자기관(공사),강원,한국동서발전(주) 동해바이오화력본부,한국동서발전,,한국전력공사(발전자회사),
정부투자기관(공사),강원,한국동서발전(주)동해화력발전처,한국동서발전,,한국전력공사(발전자회사),
정부투자기관(공사),경남,한국동서발전(주)산청양수발전처,한국동서발전,,한국전력공사(발전자회사),
정부투자기관(공사),울산,한국동서발전(주)울산화력본부,한국동서발전,,한국전력공사(발전자회사),
정부투자기관(공사),경기,한국동서발전(주)일산열병합발전처,한국동서발전,,한국전력공사(발전자회사),
정부투자기관(공사),전남,한국동서발전(주)호남화력발전처,한국동서발전,,한국전력공사(발전자회사),
정부투자기관(기타),경기,한국마사회,공사기타,,조달청(해양수산부산하기관),
정부투자기관(공사),서울,한국마사회 서울본부,공사기타,,조달청(해양수산부산하기관),
정부투자기관(공사),서울,한국발전(주),공사기타,,한국전력공사(발전자회사),
정부투자기관(기타),경북,한국방사성폐기물관리공단,공사기타,,미분류,
정부투자기관(기타),서울,한국보훈복지의료공단,공사기타,,미분류,
정부투자기관(기타),대전,한국산림복지진흥원,공사기타,,미분류,
정부투자기관(기타),서울,한국산업기술진흥원,공사기타,,미분류,
정부투자기관(공사),대구,한국산업단지공단,공사기타,,조달청(해양수산부산하기관),
정부투자기관(기타),충남,한국생산기술연구원,공사기타,,미분류,
정부투자기관(공사),충남,한국서부발전(주),한국서부발전,,한국전력공사(발전자회사),
정부투자기관(공사),서울,한국서부발전(주)가로림발전처,한국서부발전,,한국전력공사(발전자회사),
정부투자기관(공사),서울,한국서부발전(주)삼량진발전처,한국서부발전,,한국전력공사(발전자회사),
정부투자기관(공사),서울,한국서부발전(주)서인천발전본부,한국서부발전,,한국전력공사(발전자회사),
정부투자기관(공사),서울,한국서부발전(주)청송발전처,한국서부발전,,한국전력공사(발전자회사),
정부투자기관(공사),서울,한국서부발전(주)태안발전본부,한국서부발전,,한국전력공사(발전자회사),
정부투자기관(공사),서울,한국서부발전(주)평택발전본부,한국서부발전,,한국전력공사(발전자회사),
정부투자기관(공사),경기,한국석유공사,공사기타,,조달청(해양수산부산하기관),
정부투자기관(공사),경북,한국수력원자력(주),한국수력원자력,,한국수력원자력,
정부투자기관(공사),울산,한국수력원자력(주) 새울원자력본부,한국수력원자력,,한국전력공사(발전자회사),
정부투자기관(기타),경북,한국수력원자력(주) 월성원자력본부,한국수력원자력,,한국전력공사(발전자회사),
정부투자기관(공사),강원,한국수력원자력(주) 한강수력본부,한국수력원자력,,한국전력공사(발전자회사),
정부투자기관(공사),부산,한국수력원자력(주)고리원자력본부,한국수력원자력,,한국전력공사(발전자회사),
정부투자기관(공사),전남,한국수력원자력(주)영광원자력본부,한국수력원자력,,한국전력공사(발전자회사),
정부투자기관(공사),강원,한국수력원자력(주)울진원자력본부,한국수력원자력,,한국전력공사(발전자회사),
정부투자기관(공사),대전,한국수자원공사,한국수자원공사,,한국수자원공사,
정부투자기관(공사),대구,한국수자원공사 경북지역본부,한국수자원공사,,한국수자원공사,
정부투자기관(공사),전북,한국수자원공사 금강유역본부,한국수자원공사,,한국수자원공사,
정부투자기관(공사),대구,한국수자원공사 낙동강유역본부,한국수자원공사,,한국수자원공사,
정부투자기관(공사),경남,한국수자원공사 사천권관리단,한국수자원공사,,한국수자원공사,
정부투자기관(공사),강원,한국수자원공사 소양강댐사무소,한국수자원공사,,한국수자원공사,
정부투자기관(공사),대전,한국수자원공사 수도권수도건설사무소,한국수자원공사,,한국수자원공사,
정부투자기관(공사),경기,한국수자원공사 수도권지역본부,한국수자원공사,,한국수자원공사,
정부투자기관(공사),광주,한국수자원공사 영섬유역본부,한국수자원공사,,한국수자원공사,
정부투자기관(공사),전남,한국수자원공사 전남지역본부,한국수자원공사,,한국수자원공사,
정부투자기관(공사),충북,한국수자원공사 충청지역본부,한국수자원공사,,한국수자원공사,
정부투자기관(공사),경기,한국수자원공사 팔당권관리단,한국수자원공사,,한국수자원공사,
정부투자기관(공사),경기,한국수자원공사 한강유역본부,한국수자원공사,,한국수자원공사,
정부투자기관(공사),해외,한국수출입은행,공사기타,,조달청(해양수산부산하기관),
정부투자기관(공사),경기,한국시설안전공단,공사기타,,조달청(해양수산부산하기관),
정부투자기관(기타),서울,한국어촌어항공단,공사기타,,행정안전부(지방자치단체),2018.10. 공단으로 변경
정부투자기관(기타),서울,한국에너지공단,공사기타,,미분류,
정부투자기관(기타),대전,한국에너지기술연구원,공사기타,,미분류,
정부투자기관(기타),서울,한국에너지기술평가원,공사기타,,미분류,
중앙행정기관(기타),서울,한국엔지니어링진흥협회,중앙기타,,미분류,
정부투자기관(기타),경기,한국원자력안전기술원,공사기타,,한국전력공사(발전자회사),
정부투자기관(기타),대전,한국원자력연구소,공사기타,,한국전력공사(발전자회사),
정부투자기관(공사),서울,한국자산관리공사,공사기타,,국토교통부(지방국토관리청/국토부예하기관),
정부투자기관(공사),서울,한국자원재생공사,공사기타,,조달청(해양수산부산하기관),
정부투자기관(공사),서울,한국전기통신공사,공사기타,,조달청(해양수산부산하기관),
정부투자기관(공사),서울,한국전기통신공사 건설사업단,공사기타,,조달청(해양수산부산하기관),
정부투자기관(공사),경기,한국전력 수원건설소,한국전력공사기타,,한국전력공사(발전자회사),
정부투자기관(공사),전남,한국전력거래소,한국전력공사기타,,미분류,
정부투자기관(공사),전남,한국전력공사,한국전력공사,,한국전력공사(발전자회사),
정부투자기관(공사),서울,한국전력공사 345KV건설처,한국전력공사,,한국전력공사(발전자회사),
정부투자기관(공사),경기,한국전력공사 가평지점,한국전력공사,,한국전력공사(발전자회사),
정부투자기관(공사),강원,한국전력공사 강릉전력소,한국전력공사,,한국전력공사(발전자회사),
정부투자기관(공사),서울,한국전력공사 강서지점,한국전력공사,,한국전력공사(발전자회사),
정부투자기관(공사),경기,한국전력공사 경기북부지사,한국전력공사,,한국전력공사(발전자회사),
정부투자기관(공사),경기,한국전력공사 경기지사,한국전력공사,,한국전력공사(발전자회사),
정부투자기관(공사),경기,한국전력공사 경기지사광주지점,한국전력공사,,한국전력공사(발전자회사),
정부투자기관(공사),경기,한국전력공사 경기지역본부,한국전력공사,,한국환경공단,
정부투자기관(공사),경남,한국전력공사 경남본부,한국전력공사,,한국전력공사(발전자회사),
정부투자기관(공사),서울,한국전력공사 경인건설본부,한국전력공사,,한국전력공사(발전자회사),
정부투자기관(공사),서울,한국전력공사 경인건설처,한국전력공사,,한국전력공사(발전자회사),
정부투자기관(공사),서울,한국전력공사 계통건설처,한국전력공사,,한국전력공사(발전자회사),
정부투자기관(공사),경기,한국전력공사 고양지점,한국전력공사,,한국전력공사(발전자회사),
정부투자기관(공사),광주,한국전력공사 광주전력관리처,한국전력공사,,한국전력공사(발전자회사),
정부투자기관(공사),전북,한국전력공사 군산지점,한국전력공사,,한국전력공사(발전자회사),
정부투자기관(공사),서울,한국전력공사 남부건설처,한국전력공사,,한국전력공사(발전자회사),
정부투자기관(공사),서울,한국전력공사 남서울전력관리처,한국전력공사,,한국전력공사(발전자회사),
정부투자기관(공사),경기,한국전력공사 남수원지점,한국전력공사,,한국철도공사,
정부투자기관(공사),대구,한국전력공사 대구건설소,한국전력공사,,한국전력공사(발전자회사),
정부투자기관(공사),대구,한국전력공사 대구경북건설지사,한국전력공사,,한국전력공사(발전자회사),
정부투자기관(공사),대구,한국전력공사 대구전력관리처,한국전력공사,,한국전력공사(발전자회사),
정부투자기관(공사),대전,한국전력공사 대전전력관리처,한국전력공사,,한국전력공사(발전자회사),
정부투자기관(공사),대전,한국전력공사 대전전력관리처,한국전력공사,,한국전력공사(발전자회사),
정부투자기관(공사),충남,한국전력공사 대전충남개발처,한국전력공사,,한국전력공사(발전자회사),
정부투자기관(공사),강원,한국전력공사 동해전력소,한국전력공사,,한국전력공사(발전자회사),
정부투자기관(공사),부산,한국전력공사 부산전력관리처,한국전력공사,,한국전력공사(발전자회사),
정부투자기관(공사),부산,한국전력공사 부산전력구건설처,한국전력공사,,한국전력공사(발전자회사),
정부투자기관(공사),경기,한국전력공사 부천지점,한국전력공사,,한국전력공사(발전자회사),
정부투자기관(공사),부산,한국전력공사 북부산지점,한국전력공사,,한국전력공사(발전자회사),
정부투자기관(공사),서울,한국전력공사 서울전력구건설처,한국전력공사,,한국전력공사(발전자회사),
정부투자기관(공사),인천,한국전력공사 서인천지점,한국전력공사,,한국전력공사(발전자회사),
정부투자기관(공사),충북,한국전력공사 서청주지점,한국전력공사,,한국전력공사(발전자회사),
정부투자기관(공사),전남,한국전력공사 섬진강수력발전소,한국전력공사,,한국전력공사(발전자회사),
정부투자기관(공사),경기,한국전력공사 성남지점,한국전력공사,,한국전력공사(발전자회사),
정부투자기관(공사),경기,한국전력공사 수원전력관리처,한국전력공사,,한국전력공사(발전자회사),
정부투자기관(공사),전남,한국전력공사 신강진전력소,한국전력공사,,한국전력공사(발전자회사),
정부투자기관(공사),광주,한국전력공사 신광주전력소,한국전력공사,,한국전력공사(발전자회사),
정부투자기관(공사),경기,한국전력공사 신성남전력소,한국전력공사,,한국전력공사(발전자회사),
정부투자기관(공사),충남,한국전력공사 아산전력소,한국전력공사,,한국전력공사(발전자회사),
정부투자기관(공사),경기,한국전력공사 안산지점,한국전력공사,,한국전력공사(발전자회사),
정부투자기관(공사),경기,한국전력공사 안양지점,한국전력공사,,한국전력공사(발전자회사),
정부투자기관(공사),경남,한국전력공사 양산지점,한국전력공사,,한국전력공사(발전자회사),
정부투자기관(공사),경기,한국전력공사 여주지점,한국전력공사,,한국전력공사(발전자회사),
정부투자기관(공사),서울,한국전력공사 영등포지점,한국전력공사,,한국전력공사(발전자회사),
정부투자기관(공사),경기,한국전력공사 오산지점,한국전력공사,,한국전력공사(발전자회사),
정부투자기관(공사),경기,한국전력공사 용인지점,한국전력공사,,한국전력공사(발전자회사),
정부투자기관(공사),강원,한국전력공사 원주전력소,한국전력공사,,한국전력공사(발전자회사),
정부투자기관(공사),경기,한국전력공사 의정부전력처,한국전력공사,,한국전력공사(발전자회사),
정부투자기관(공사),인천,한국전력공사 인천전력관리처,한국전력공사,,한국전력공사(발전자회사),
정부투자기관(공사),인천,한국전력공사 인천지역본부,한국전력공사,,한국전력공사(발전자회사),
정부투자기관(공사),인천,한국전력공사 인천지점,한국전력공사,,한국전력공사(발전자회사),
정부투자기관(공사),서울,한국전력공사 전력계통건설처,한국전력공사,,한국전력공사(발전자회사),
정부투자기관(공사),서울,한국전력공사 전력연구원,한국전력공사,,한국전력공사(발전자회사),
정부투자기관(공사),전북,한국전력공사 전북개발지사,한국전력공사,,한국전력공사(발전자회사),
정부투자기관(공사),전북,한국전력공사 전주전력관리처,한국전력공사,,한국전력공사(발전자회사),
정부투자기관(공사),전북,한국전력공사 전주전력소,한국전력공사,,한국전력공사(발전자회사),
정부투자기관(공사),제주,한국전력공사 제주지사,한국전력공사,,한국전력공사(발전자회사),
정부투자기관(공사),충북,한국전력공사 제천전력관리처,한국전력공사,,한국전력공사(발전자회사),
정부투자기관(공사),대전,한국전력공사 중부건설본부,한국전력공사,,한국전력공사(발전자회사),
정부투자기관(공사),충북,한국전력공사 중부전력소,한국전력공사,,한국전력공사(발전자회사),
정부투자기관(공사),부산,한국전력공사 지중선사업처,한국전력공사,,한국전력공사(발전자회사),
정부투자기관(공사),경남,한국전력공사 창원전력관리처,한국전력공사,,한국전력공사(발전자회사),
정부투자기관(공사),경남,한국전력공사 창원전력처,한국전력공사,,한국전력공사(발전자회사),
정부투자기관(공사),충남,한국전력공사 청양전력소,한국전력공사,,한국전력공사(발전자회사),
정부투자기관(공사),충남,한국전력공사 청양지점,한국전력공사,,한국전력공사(발전자회사),
정부투자기관(공사),충북,한국전력공사 청원전력관리처,한국전력공사,,한국전력공사(발전자회사),
정부투자기관(공사),충북,한국전력공사 청원전력소,한국전력공사,,한국전력공사(발전자회사),
정부투자기관(공사),강원,한국전력공사 춘천전력소,한국전력공사,,한국전력공사(발전자회사),
정부투자기관(공사),경기,한국전력공사 파주지점,한국전력공사,,한국전력공사(발전자회사),
정부투자기관(공사),경기,한국전력공사 평택지점,한국전력공사,,한국전력공사(발전자회사),
정부투자기관(기타),경기,한국전력기술(주),공사기타,,한국전력공사(발전자회사),
정부투자기관(기타),세종,한국조세재정연구원,중앙기타,,미분류,
정부투자기관(기타),충남,한국중부발전(주),공사기타,,한국전력공사(발전자회사),
정부투자기관(공사),충남,한국중부발전(주) 보령발전본부,한국중부발전,,한국전력공사(발전자회사),
정부투자기관(공사),서울,한국중부발전(주) 서울발전본부,한국중부발전,,한국전력공사(발전자회사),
정부투자기관(기타),세종,한국중부발전(주) 세종발전본부,한국중부발전,,한국전력공사(발전자회사),
정부투자기관(공사),충남,한국중부발전(주) 신보령발전본부,한국중부발전,,한국전력공사(발전자회사),
정부투자기관(공사),충남,한국중부발전(주) 신서천발전본부,한국중부발전,,한국전력공사(발전자회사),
정부투자기관(공사),제주,한국중부발전(주)제주발전본부,한국중부발전,,한국전력공사(발전자회사),
정부투자기관(기타),서울,한국지리정보산업협동조합,공사기타,,미분류,
정부투자기관(공사),경기,한국지역난방공사,한국지역난방공사,,조달청(해양수산부산하기관),
정부투자기관(공사),서울,한국지역난방공사 강남지사,한국지역난방공사,,조달청(해양수산부산하기관),
정부투자기관(공사),경기,한국지역난방공사 고양사업소,한국지역난방공사,,조달청(해양수산부산하기관),
정부투자기관(공사),전남,한국지역난방공사 광주전남지사,한국지역난방공사,,조달청(해양수산부산하기관),
정부투자기관(공사),경기,한국지역난방공사 동탄지사,한국지역난방공사,,조달청(해양수산부산하기관),
정부투자기관(공사),경기,한국지역난방공사 미래개발원,한국지역난방공사,,조달청(해양수산부산하기관),
정부투자기관(공사),세종,한국지역난방공사 세종지사,한국지역난방공사,,조달청(해양수산부산하기관),
정부투자기관(공사),경남,한국지역난방공사 양산지사,한국지역난방공사,,조달청(해양수산부산하기관),
정부투자기관(공사),충북,한국지역난방공사 청주지사,한국지역난방공사,,조달청(해양수산부산하기관),
정부투자기관(공사),경기,한국지역난방공사 판교지사,한국지역난방공사,,조달청(해양수산부산하기관),
정부투자기관(공사),경기,한국지역난방공사 화성지사,한국지역난방공사,,조달청(해양수산부산하기관),
정부투자기관(공사),대전,한국철도공사,한국철도공사,,한국철도공사,
정부투자기관(공사),대전,한국철도공사 대전지역본부,한국철도공사,,한국철도공사,
정부투자기관(공사),서울,한국철도공사 서울지역본부,한국철도공사,,한국철도공사,
중앙행정기관(철도청),전북,한국철도공사 전북본부,한국철도공사,,한국철도공사,
정부투자기관(기타),전남,한국컨테이너부두공단,공사기타,,미분류,
정부투자기관(공사),강원,한국토지공사 강원지역본부,한국토지주택공사,,한국토지주택공사,
정부투자기관(공사),경기,한국토지공사 경기동북부사업본부,한국토지주택공사,,한국토지주택공사,
정부투자기관(공사),경기,한국토지공사 경기지역본부,한국토지주택공사,,한국토지주택공사,
정부투자기관(공사),경기,한국토지공사 동탄사업본부,한국토지주택공사,,한국토지주택공사,
정부투자기관(공사),부산,한국토지공사 부산울산지역본부,한국토지주택공사,,한국토지주택공사,
정부투자기관(공사),서울,한국토지공사 서울지역본부,한국토지주택공사,,한국토지주택공사,
정부투자기관(공사),경기,한국토지공사 용인지사,한국토지주택공사,,한국토지주택공사,
정부투자기관(공사),인천,한국토지공사 인천지사,한국토지주택공사,,한국토지주택공사,
정부투자기관(공사),인천,한국토지공사 인천지역본부,한국토지주택공사,,한국토지주택공사,
정부투자기관(공사),전남,한국토지공사 전남지사,한국토지주택공사,,한국토지주택공사,
정부투자기관(공사),전북,한국토지공사 전북지역본부,한국토지주택공사,,한국토지주택공사,
정부투자기관(공사),충북,한국토지공사 충북지역본부,한국토지주택공사,,한국토지주택공사,
정부투자기관(공사),경기,한국토지공사 평택지사,한국토지주택공사,,한국토지주택공사,
정부투자기관(공사),경남,한국토지주택공사,한국토지주택공사,,한국토지주택공사,
정부투자기관(공사),강원,한국토지주택공사 강원지역본부,한국토지주택공사,,한국토지주택공사,
정부투자기관(공사),경기,한국토지주택공사 경기남부지역본부,한국토지주택공사,,한국토지주택공사,
정부투자기관(공사),경기,한국토지주택공사 경기동북부직할사업단,한국토지주택공사,,한국토지주택공사,
정부투자기관(공사),경기,한국토지주택공사 경기북부지역본부,한국토지주택공사,,한국토지주택공사,
정부투자기관(공사),경기,한국토지주택공사 경기지역본부 시흥사업단장,한국토지주택공사,,한국토지주택공사,
정부투자기관(공사),경남,한국토지주택공사 경남지역본부,한국토지주택공사,,한국토지주택공사,
정부투자기관(공사),경기,한국토지주택공사 고양사업본부,한국토지주택공사,,한국토지주택공사,
정부투자기관(공사),경기,한국토지주택공사 광명시흥사업본부,한국토지주택공사,,한국토지주택공사,
정부투자기관(공사),광주,한국토지주택공사 광주전남지역본부,한국토지주택공사,,한국토지주택공사,
정부투자기관(공사),경기,한국토지주택공사 김포사업본부,한국토지주택공사,,한국토지주택공사,
정부투자기관(공사),경기,한국토지주택공사 김포직할사업단,한국토지주택공사,,한국토지주택공사,
정부투자기관(공사),충남,한국토지주택공사 당진사업본부,한국토지주택공사,,한국토지주택공사,
정부투자기관(공사),대구,한국토지주택공사 대구경북지역본부,한국토지주택공사,,한국토지주택공사,
정부투자기관(공사),경남,한국토지주택공사 대전에너지사업단,한국토지주택공사,,한국토지주택공사,
정부투자기관(공사),대전,한국토지주택공사 대전충남지역본부,한국토지주택공사,,한국토지주택공사,
정부투자기관(공사),경기,한국토지주택공사 동탄사업본부,한국토지주택공사,,한국토지주택공사,
정부투자기관(공사),서울,한국토지주택공사 미군기지본부,한국토지주택공사,,한국토지주택공사,
정부투자기관(공사),부산,한국토지주택공사 부산울산지역본부,한국토지주택공사,,한국토지주택공사,
정부투자기관(공사),부산,한국토지주택공사 부산진해직할사업단,한국토지주택공사,,한국토지주택공사,
정부투자기관(공사),서울,한국토지주택공사 서울지역본부,한국토지주택공사,,한국토지주택공사,
정부투자기관(공사),충남,한국토지주택공사 세종특별본부,한국토지주택공사,,한국토지주택공사,
정부투자기관(공사),서울,한국토지주택공사 수도권도심정비특별본부,한국토지주택공사,,한국토지주택공사,
정부투자기관(공사),충남,한국토지주택공사 아산에너지사업단,한국토지주택공사,,한국토지주택공사,
정부투자기관(공사),경기,한국토지주택공사 위례사업본부,한국토지주택공사,,한국토지주택공사,
정부투자기관(공사),인천,한국토지주택공사 인천지역본부,한국토지주택공사,,한국토지주택공사,
정부투자기관(공사),전북,한국토지주택공사 전북지역본부,한국토지주택공사,,한국토지주택공사,
정부투자기관(공사),인천,한국토지주택공사 청라영종사업본부,한국토지주택공사,,한국토지주택공사,
정부투자기관(공사),충북,한국토지주택공사 충북지역본부,한국토지주택공사,,한국토지주택공사,
정부투자기관(공사),충북,한국토지주택공사 충청지역본부,한국토지주택공사,,조달청(해양수산부산하기관),
정부투자기관(공사),경기,한국토지주택공사 파주사업본부,한국토지주택공사,,한국토지주택공사,
정부투자기관(공사),경기,한국토지주택공사 판교직할사업단,한국토지주택공사,,한국토지주택공사,
정부투자기관(공사),경기,한국토지주택공사 평택사업본부,한국토지주택공사,,한국토지주택공사,
정부투자기관(공사),경기,한국토지주택공사 평택직할사업단,한국토지주택공사,,한국토지주택공사,
정부투자기관(공사),경기,한국토지주택공사 하남사업본부,한국토지주택공사,,한국토지주택공사,
정부투자기관(공사),경기,한국토지주택공사 화성사업본부,한국토지주택공사,,한국토지주택공사,
정부투자기관(공사),경기,한국토지주택공사 화성서남부사업본부,한국토지주택공사,,한국토지주택공사,
정부투자기관(기타),대전,한국항공우주연구원,공사기타,,조달청(해양수산부산하기관),
정부투자기관(기타),서울,한국해상풍력 주식회사,공사기타,,한국전력공사(발전자회사),
정부투자기관(기타),경기,한국해양과학기술원,공사기타,,미분류,
정부투자기관(기타),,한국해양수산개발원,공사기타,,,
정부투자기관(공사),서울,한국해외인프라도시개발지원공사,공사기타,,조달청(해양수산부산하기관),
정부투자기관(공사),인천,한국환경공단,한국환경공단,,행정안전부(지방자치단체),
정부투자기관(기타),서울,한국환경기술진흥원,공사기타,,조달청(해양수산부산하기관),
정부투자기관(기타),서울,한국환경보전원,공사기타,,미분류,
중앙행정기관(기타),경기,한국환경산업기술원,중앙기타,,미분류,
중앙행정기관(기타),세종,한국환경연구원,중앙기타,,미분류,
정부투자기관(공사),인천,한국환경자원공사,공사기타,,조달청(해양수산부산하기관),
정부투자기관(공사),대전,한전원자력연료(주),공사기타,,한국전력공사(발전자회사),
정부투자기관(기타),경기,한전케이피에스(주)부천현장,공사기타,,한국전력공사(발전자회사),
중앙행정기관(국방부),서울,합동군사대학교,국방부,,국방부,
정부투자기관(기타),서울,항공안전본부,공사기타,,조달청(해양수산부산하기관),
중앙행정기관(국방부),서울,해군 제5738부대,국방부,,국방부,
중앙행정기관(국방부),서울,해군 제8385부대,국방부,,국방부,
중앙행정기관(국방부),경기,해군2함대사령부,국방부,,국방부,
중앙행정기관(국방부),경남,해군군수사령부,국방부,,국방부,
중앙행정기관(국방부),인천,해군본부 시설감실,국방부,,국방부,
중앙행정기관(국방부),경남,해군사관학교,,,국방부,
중앙행정기관(국방부),인천,해군인천해역방어사령부,국방부,,국방부,
중앙행정기관(국방부),경남,해군작전사령부,국방부,,국방부,
중앙행정기관(국방부),제주,해군제주기지전대,국방부,,국방부,
중앙행정기관(국방부),서울,해군중앙경리단,국방부,,국방부,
중앙행정기관(국방부),경남,해군진해기지사령부,국방부,,국방부,
중앙행정기관(국방부),전남,해병대 제3170부대,국방부,,국방부,
중앙행정기관(국방부),인천,해병대 제3283부대,국방부,,국방부,
중앙행정기관(국방부),인천,해병대 제9196부대,국방부,,국방부,
중앙행정기관(국방부),인천,해병대 제9227부대,국방부,,국방부,
중앙행정기관(국방부),경기,해병대사령부,국방부,,국방부,
중앙행정기관(국방부),인천,해병대제9691부대,국방부,,국방부,
중앙행정기관(기타),전남,해양경찰정비창,중앙기타,,조달청(해양수산부산하기관),
중앙행정기관(기타),인천,해양경찰청,중앙기타,,조달청(해양수산부산하기관),
중앙행정기관(해양수산부),세종,해양수산부,해양수산부,,조달청(해양수산부산하기관),
중앙행정기관(해양수산부),기타,해양수산부 강릉어항사무소,해양수산부,,조달청(해양수산부산하기관),
중앙행정기관(해양수산부),서울,해양수산부 교통시설특별회계,해양수산부,,조달청(해양수산부산하기관),
중앙행정기관(해양수산부),인천,해양수산부 국립수산과학원 서해수산연구소,해양수산부,,조달청(해양수산부산하기관),
중앙행정기관(해양수산부),부산,해양수산부 국립해양조사원,해양수산부,,조달청(해양수산부산하기관),
중앙행정기관(해양수산부),기타,해양수산부 동해어업관리단,해양수산부,,조달청(해양수산부산하기관),
중앙행정기관(해양수산부),전남,해양수산부 목포지방해양수산청,해양수산부,,조달청(해양수산부산하기관),
중앙행정기관(해양수산부),기타,해양수산부 서해어업관리단,해양수산부,,조달청(해양수산부산하기관),
중앙행정기관(해양수산부),전남,해양수산부 서해어업관리단,해양수산부,,조달청(해양수산부산하기관),
중앙행정기관(해양수산부),서울,해양수산부 서해어항사무소,해양수산부,,조달청(해양수산부산하기관),
중앙행정기관(해양수산부),울산,해양수산부 울산지방해양수산청,해양수산부,,조달청(해양수산부산하기관),
중앙행정기관(해양수산부),기타,해양수산부 인천어항사무소,해양수산부,,조달청(해양수산부산하기관),
정부투자기관(기타),서울,해양환경공단,공사기타,,조달청(해양수산부산하기관),
정부투자기관(기타),서울,해외건설협회,공사기타,,미분류,
외국기관,해외,해외사업,외국기관,,미분류,
중앙행정기관(기타),대전,행정안전부 정부통합전산센터,중앙기타,,행정안전부(지방자치단체),
중앙행정기관(기타),세종,행정자치부 과거사관련업무지원단,중앙기타,,행정안전부(지방자치단체),
중앙행정기관(국토교통부),충남,행정중심복합도시건설청,국토교통부기타,,국토교통부(지방국토관리청/국토부예하기관),
지방자치단체(시),경기,혁신성장사업단,지자체기타,,행정안전부(지방자치단체),
외국기관,해외,호치민시도시정비사업소,외국기관,,미분류,
지방자치단체(시),경기,화성시 지역개발사업소,화성시,,행정안전부(지방자치단체),
지방자치단체(시),경기,화성시환경사업소,지자체기타,,행정안전부(지방자치단체),
지방자치단체(군),강원,화천군 환경수도사업소,화천군,,행정안전부(지방자치단체),
정부투자기관(기타),인천,환경관리공단,공사기타,,한국환경공단,
정부투자기관(기타),서울,환경기술진흥원,공사기타,,미분류,
정부투자기관(기타),서울,환경보존협회,공사기타,,미분류,
정부투자기관(기타),경기,황해경제자유구역청,공사기타,,행정안전부(지방자치단체),
외국기관,미분류,ADB,외국기관,,미분류,
외국기관,해외,AFD,외국기관,,미분류,
외국기관,미분류,AfdB 물위생국,외국기관,,미분류,
외국기관,해외,Aguas de Manizales,외국기관,마니살레 수도국,미분류,
외국기관,해외,Aguas de Pereira,외국기관,페레이라 수도국,미분류,
외국기관,해외,Ahtna Government Services Corporation,외국기관,,미분류,
외국기관,해외,ANESRIF,외국기관,,미분류,
외국기관,,CK Capital Investment Ltd.,외국기관,,,
정부투자기관(공사),서울,CM협회,공사기타,,국토교통부(지방국토관리청/국토부예하기관),
외국기관,경기,COHECO(SPC사),외국기관,,미분류,
외국기관,해외,Colcg,외국기관,,미분류,
외국기관,해외,CONCRETAT,외국기관,,미분류,
외국기관,해외,"D-CITY PROJECT CO., LTD.",외국기관,,미분류,
외국기관,기타,"ECC International, LLC (ECCI)",외국기관,,미분류,
외국기관,미분류,Emirates LNG,외국기관,,미분류,
중앙행정기관(국방부),경기,FAR EAST DISTRICT(미극동 공병단),국방부,,미분류,
외국기관,해외,Fujeij Wind Power Company,외국기관,,미분류,
외국기관,해외,GEL社,외국기관,,미분류,
외국기관,,Holistic Consulting Center Ltd.,외국기관,HCC,,
외국기관,해외,Huchison Ports Holding,외국기관,,미분류,
외국기관,해외,IAEA 앙골라 도로국,외국기관,,미분류,
외국기관,해외,IBC Group,외국기관,IBC,미분류,
외국기관,해외,Inter-American Development Bank,외국기관,IDB,미분류,
외국기관,해외,KMIC,외국기관,KMIC,,
정부투자기관(공사),해외,KOICA,공사기타,,미분류,
정부투자기관(공사),서울,KOTRA,공사기타,,미분류,
정부투자기관(공사),서울,KT 건설사업단,공사기타,,미분류,
정부투자기관(공사),서울,KT 수도권강북망건설국,공사기타,,조달청(해양수산부산하기관),
정부투자기관(공사),경기,KT 수도권서부건설,공사기타,,미분류,
정부투자기관(공사),경기,KT 수도권서부망건설국,공사기타,,조달청(해양수산부산하기관),
정부투자기관(공사),전북,KT 전북망건설센터,공사기타,,미분류,
외국기관,해외,Larsen&Toubro Limited,외국기관,,미분류,
외국기관,해외,MASCO ENERGIES & CONSTRUCTION SA,외국기관,DR콩고,미분류,
외국기관,서울,"MESOTECH ineternational, Inc.",외국기관,,미분류,
외국기관,해외,MMHE,외국기관,,미분류,
외국기관,해외,MSPAS(과테말라),외국기관,,미분류,
외국기관,해외,National Airports Corporation (NAC),외국기관,,미분류,
외국기관,해외,National Water Supply & Drainage Board,외국기관,,미분류,
외국기관,해외,"Oriental Consultants Global Co., Ltd.",외국기관,,,
외국기관,해외,Pacific Rim,외국기관,,,
외국기관,해외,PCL,외국기관,Professional Consultants Ltd,미분류,
외국기관,해외,PT. Atha Marth Naha Kramo(민간),외국기관,AMNK,미분류,
외국기관,해외,PT. Bangun Palu Sulteng (특별경제구역 개발 SPC),외국기관,,미분류,
외국기관,해외,PT. INACON,외국기관,,미분류,
외국기관,해외,PT.Kalpataru Investama(민간),외국기관,,미분류,
외국기관,해외,PT.STM TUNGGAL JAYA (민간),외국기관,,미분류,
외국기관,해외,SIGMA GROUP,외국기관,,미분류,
외국기관,해외,Tenez,외국기관,,미분류,
외국기관,해외,TG(Tony Gee And Partners),외국기관,,미분류,
외국기관,해외,TOB그룹 Khatansumber LLC,외국기관,,미분류,
외국기관,해외,U.S.A DELTA ENVIRONMENTAL CONSULTANTS,외국기관,,미분류,
외국기관,해외,"Urban Integrated Consultants, Inc.(UICI)",,,미분류,
외국기관,해외,VIELCA,외국기관,,미분류,
외국기관,미분류,WB,외국기관,,미분류,
외국기관,해외,WIJAYA-INDULEXCO KSO (민간),외국기관,,미분류,
